"STATEFP.x","COUNTYFP","COUNAME","STNAME","POPULATION","CENTER.LATITUDE","CENTER.LONGITUDE","ED_COUNT_15mile","ED_INVERSE_DIST_15mile","HEALTH_COUNT_15mile","HEALTH_INVERSE_DIST_15mile","GEOID","tot_pov_sts_12mths_age_B17020_E","tot_pov_sts_12mths_age_B17020_M","tot_income_12mths_blw_pov_lvl_B17020_E","tot_income_12mths_blw_pov_lvl_B17020_M","tot_edu_attain_25yrs_and_up_B15003_E","tot_edu_attain_25yrs_and_up_B15003_M","tot_edu_attain_25yrs_and_up_HS_diploma_B15003_E","tot_edu_attain_25yrs_and_up_HS_diploma_B15003_M","tot_edu_attain_25yrs_and_up_GED_B15003_E","tot_edu_attain_25yrs_and_up_GED_B15003_M","tot_edu_attain_25yrs_and_up_somecollege_freshman_B15003_E","tot_edu_attain_25yrs_and_up_somecollege_freshman_B15003_M","tot_edu_attain_25yrs_and_up_somecollege_abovefreshman_B15003_E","tot_edu_attain_25yrs_and_up_somecollege_abovefreshman_B15003_M","tot_edu_attain_25yrs_and_up_assoc_B15003_E","tot_edu_attain_25yrs_and_up_assoc_B15003_M","tot_edu_attain_25yrs_and_up_bach_B15003_E","tot_edu_attain_25yrs_and_up_bach_B15003_M","tot_edu_attain_25yrs_and_up_masters_B15003_E","tot_edu_attain_25yrs_and_up_masters_B15003_M","tot_edu_attain_25yrs_and_up_prof_degree_B15003_E","tot_edu_attain_25yrs_and_up_prof_degree_B15003_M","tot_edu_attain_25yrs_and_up_doctorate_B15003_E","tot_edu_attain_25yrs_and_up_doctorate_B15003_M","tot_race_known_E","tot_race_known_M","tot_race_black_african_american_alone_combination_E","tot_race_black_african_american_alone_combination_M","tot_hisp_latino_origin_known_E","tot_hisp_latino_origin_known_M","tot_hisp_latino_origin_E","tot_hisp_latino_origin_M","tot_employment_civil_labor_E","tot_employment_civil_labor_M","tot_employment_civil_labor_employed_E","tot_employment_civil_labor_employed_M","tot_employment_civil_labor_unemployed_E","tot_employment_civil_labor_unemployed_M","tot_insurance_known_E","tot_insurance_known_M","tot_insurance_under_6yrs_without_E","tot_insurance_under_6yrs_without_M","tot_insurance_6to18yrs_without_E","tot_insurance_6to18yrs_without_M","tot_insurance_19to25yrs_without_E","tot_insurance_19to25yrs_without_M","tot_insurance_26to34yrs_without_E","tot_insurance_26to34yrs_without_M","tot_insurance_35to44yrs_without_E","tot_insurance_35to44yrs_without_M","tot_insurance_45to54yrs_without_E","tot_insurance_45to54yrs_without_M","tot_insurance_55to64yrs_without_E","tot_insurance_55to64yrs_without_M","tot_insurance_65to74yrs_without_E","tot_insurance_65to74yrs_without_M","tot_insurance_75yrs_and_up_without_E","tot_insurance_75yrs_and_up_without_M","tot_food_assitance_known_E","tot_food_assitance_known_M","tot_food_assitance_with_E","tot_food_assitance_with_M","tot_food_assitance_without_E","tot_food_assitance_without_M","tot_vehicle_known_E","tot_vehicle_known_M","tot_vehicle_without_E","tot_vehicle_without_M","tot_gross_rent_known_E","tot_gross_rent_known_M","tot_gross_rent_40_to_49.9per_E","tot_gross_rent_40_to_49.9per_M","tot_gross_rent_50per_and_up_E","tot_gross_rent_50per_and_up_M","tot_gross_rent_not_computed_E","tot_gross_rent_not_computed_M","per_black","per_hisp","per_poverty","per_without_hs_diploma","per_unemployed","per_with_snap","per_without_vehicle","per_without_insurance","per_gross_rent_40per_and_up","per_substance_arrest"
51,1,"Accomack","Virginia",33164,37.784132,-75.641008,1,1.61039354267006e-09,24,1.55143720451086e-07,51001,32396,128,6438,898,23595,251,7964,606,1191,277,1435,254,2483,373,1727,292,2619,304,1247,236,243,86,267,91,32742,NA,9767,72,32742,NA,2934,NA,14422,702,13817,673,605,222,32432,125,129,111,300,148,481,263,585,143,438,132,554,149,364,140,0,25,0,25,13401,507,1953,340,11448,512,13432,683,790,293,4308,417,350,161,750,170,803,216,29.83,8.96,19.87,18.73,4.19,14.57,5.88,8.79,31.38,0.422682956929532
51,3,"Albemarle","Virginia",98970,38.05016,-78.516763,133,6.87684830947119e-07,700,2.63183836647073e-06,51003,98891,1145,9675,1239,71888,51,10072,879,1841,310,2887,350,8392,629,4009,427,19727,724,11154,653,3675,471,3931,387,106355,NA,11360,119,106355,NA,6168,NA,53539,894,52003,945,1536,257,104770,621,96,67,313,138,600,201,926,216,725,200,732,218,467,136,30,29,5,8,40612,683,2007,355,38605,792,49870,891,1001,270,15221,708,1244,261,3448,447,1382,276,10.68,5.8,9.78,8.62,2.87,4.94,2.01,3.72,33.9,0.319174377747935
51,5,"Alleghany","Virginia",16250,37.800535,-79.929401,6,7.19881662070196e-08,46,5.43010886927801e-07,51005,14940,157,3023,376,11276,66,3844,288,663,110,903,153,1387,213,1117,147,1172,215,411,122,60,44,93,54,15286,NA,1034,89,15286,NA,218,NA,6412,251,6054,251,358,121,15030,139,0,19,57,57,130,67,193,80,120,64,68,47,29,19,0,19,0,19,6741,186,934,140,5807,197,5911,251,35,32,1504,202,132,58,322,107,308,129,6.76,1.43,20.23,14.42,5.58,13.86,0.59,3.97,37.96,1.18041582830315
51,7,"Amelia","Virginia",12690,37.341681,-77.977011,4,2.47956565636535e-08,25,1.25882036265507e-06,51007,12761,74,1707,429,9030,209,2876,331,660,228,545,162,1320,259,706,249,873,210,315,129,200,108,48,44,12854,NA,2960,197,12854,NA,383,NA,6419,331,6241,301,178,111,12761,74,29,50,163,157,38,49,185,110,92,69,67,61,128,80,13,22,0,19,4789,193,509,168,4280,223,6142,309,74,73,753,185,37,43,133,103,102,72,23.03,2.98,13.38,16.47,2.77,10.63,1.2,5.6,26.11,0.3996003996004
51,9,"Amherst","Virginia",32353,37.519237,-79.102718,32,7.55861078180059e-08,244,5.32735187828151e-07,51009,31043,175,4330,684,22594,209,6649,526,1413,267,1588,252,3039,369,2215,347,2920,321,1218,256,67,49,137,65,31882,NA,6487,61,31882,NA,774,NA,15455,532,14513,494,942,237,31699,65,30,29,235,120,393,145,218,102,228,134,417,161,115,56,0,25,0,25,12044,313,1223,211,10821,326,14186,505,191,80,2695,261,266,125,457,145,367,125,20.35,2.43,13.95,14.82,6.1,10.15,1.35,5.16,31.06,0.413692919850944
51,11,"Appomattox","Virginia",14973,37.359958,-78.833953,1,3.91388060058027e-09,8,5.05889540236435e-07,51011,15487,86,2096,434,11089,117,3135,343,689,162,835,169,1477,261,1003,177,1320,232,744,153,22,26,106,68,15577,NA,3239,68,15577,NA,228,NA,7238,260,6963,273,275,110,15503,76,6,12,33,41,62,45,77,57,97,53,132,62,145,90,0,19,0,19,6095,218,923,153,5172,219,6870,278,221,179,1362,213,133,74,296,102,180,66,20.79,1.46,13.53,15.85,3.8,15.14,3.22,3.56,36.29,0.353513035793195
51,13,"Arlington","Virginia",207627,38.8749,-77.10082,394,3.25545824908352e-07,2121,1.65526748978142e-06,51013,228785,676,16360,1355,172489,90,12183,790,1844,374,3207,349,10557,767,5830,629,60173,1590,46334,1191,14024,732,8079,681,231803,NA,23147,416,231803,NA,36180,NA,150026,1091,145621,1179,4405,504,227332,722,265,146,681,263,952,300,2472,478,1991,319,1212,235,690,213,101,100,40,58,104716,828,3971,474,100745,937,145617,1199,12039,1070,59212,983,3510,417,10411,537,1965,314,9.99,15.61,7.15,5.95,2.94,3.79,8.27,3.7,24.32,0.422278451168528
51,15,"Augusta","Virginia",73750,38.12803,-79.032141,24,4.99116542614328e-08,176,5.78598814451199e-07,51015,70880,650,6532,980,54368,189,17404,646,3353,440,3846,425,6093,454,4033,488,8209,654,3425,401,657,170,505,148,74701,NA,3994,236,74701,NA,1970,NA,36494,942,35166,996,1328,254,70832,647,66,55,340,128,583,242,797,198,365,151,595,168,382,132,26,30,0,28,29297,491,2431,357,26866,579,34719,991,804,266,6187,559,355,142,1190,261,701,178,5.35,2.64,9.22,12.59,3.64,8.3,2.32,4.45,28.16,0.515525398571372
51,17,"Bath","Virginia",4731,38.017866,-79.764614,2,1.89683686007244e-08,9,2.63742465034936e-07,51017,4304,91,486,209,3380,248,1144,273,251,107,364,130,514,180,169,172,387,154,104,68,0,12,13,27,4393,NA,106,89,4393,NA,165,139,2293,249,2092,258,201,123,4323,87,0,12,19,27,71,80,85,90,81,83,25,39,41,62,0,12,0,12,1999,191,188,121,1811,214,2012,265,0,12,556,182,0,12,64,79,150,101,2.41,3.76,11.29,12.84,8.77,9.4,0,7.45,15.76,0.908667287977633
51,19,"Bedford","Virginia",68676,37.314607,-79.497893,7,9.83329778580025e-09,87,1.35801179242311e-07,51019,77293,193,7046,897,56369,165,14620,773,3045,370,4027,392,7719,523,4956,463,9901,722,4631,433,713,171,1022,263,77908,NA,6025,93,77908,NA,1646,NA,38617,690,37064,764,1553,300,77524,137,23,26,292,137,563,180,538,149,487,167,787,192,674,206,15,21,0,28,31206,493,2213,318,28993,534,36282,775,509,151,5734,494,719,207,743,214,802,195,7.73,2.11,9.12,10.17,4.02,7.09,1.4,4.36,29.64,0.391126011149631
51,21,"Bland","Virginia",6824,37.150725,-81.089354,9,6.38377407749802e-08,84,6.4536950581936e-07,51021,5707,204,481,190,4968,15,1515,187,465,126,419,108,756,183,527,141,642,156,130,52,84,63,9,14,6447,NA,161,57,6447,NA,48,NA,2751,233,2555,247,196,94,5711,204,0,17,32,28,10,20,8,14,83,65,34,34,26,25,0,17,0,17,2523,138,290,95,2233,154,2539,247,12,23,436,111,94,73,93,62,64,39,2.5,0.74,8.43,8.47,7.12,11.49,0.47,3.38,50.27,0.397266804385826
51,23,"Botetourt","Virginia",33148,37.448222,-79.851418,40,6.64044808659046e-08,241,3.79456700013583e-07,51023,32842,153,2629,522,24252,76,6732,505,1097,200,1739,279,3209,331,2726,374,4313,380,2012,319,323,117,317,108,33222,NA,1327,75,33222,NA,547,NA,16496,428,15847,447,649,170,32906,130,9,13,46,29,259,124,152,63,141,81,210,90,127,60,0,25,0,25,13161,260,656,157,12505,274,15653,450,173,95,1808,251,129,71,329,116,259,75,3.99,1.65,8,7.36,3.93,4.98,1.11,2.87,29.57,1.30420410493734
51,25,"Brunswick","Virginia",17434,36.756799,-77.86074,4,3.69157175617687e-08,21,2.39855073631671e-07,51025,14390,168,3082,511,12264,98,3452,348,1148,145,957,199,1674,265,702,161,1089,222,532,146,93,72,42,29,16665,NA,9385,134,16665,NA,364,NA,6916,345,6422,382,494,152,14752,161,27,33,0,19,127,66,287,123,71,60,100,49,123,62,0,19,0,19,6048,231,1369,183,4679,263,6160,370,202,80,1712,251,69,47,350,114,482,145,56.32,2.18,21.42,21,7.14,22.64,3.28,4.98,34.07,0.37841796875
51,27,"Buchanan","Virginia",24098,37.264125,-82.058814,2,1.71134637228428e-08,28,3.14761847671449e-07,51027,21182,168,5859,668,16652,86,4666,416,1351,235,847,206,2057,259,1025,190,1108,225,565,140,60,41,27,29,22138,NA,664,126,22138,NA,96,51,6946,479,6383,483,563,156,21234,161,0,22,115,71,205,81,300,102,309,101,333,147,192,89,0,22,0,22,8871,315,1797,252,7074,328,6242,487,121,65,1946,262,139,93,373,120,352,107,3,0.43,27.66,29.7,8.11,20.26,1.94,6.85,32.12,0.961311908015645
51,29,"Buckingham","Virginia",17146,37.582102,-78.483454,2,7.92763068343441e-09,9,1.12414044032582e-07,51029,14839,212,2542,487,12549,46,4098,382,1401,245,750,186,1360,204,755,156,884,156,398,143,77,56,58,37,17004,NA,6087,103,17004,NA,408,NA,7163,386,6671,383,492,135,14975,182,46,49,56,54,199,127,210,119,253,116,131,83,146,73,0,19,10,15,5827,233,893,180,4934,264,6532,392,130,98,1442,195,18,18,341,98,285,99,35.8,2.4,17.13,22.06,6.87,15.33,1.99,7.02,31.03,0.347079239955291
51,31,"Campbell","Virginia",54842,37.25795,-79.165807,30,3.89054900320084e-08,250,2.98310042336184e-07,51031,54494,194,6414,724,39725,63,9575,676,2953,367,3356,407,6152,595,3173,355,5941,613,2466,337,290,114,249,95,55170,NA,8674,57,55170,NA,1298,NA,27964,666,26938,684,1026,199,54682,148,250,139,234,128,426,165,597,156,383,143,428,124,399,142,20,32,19,29,22957,425,2440,387,20517,480,26540,711,777,306,5686,439,379,153,809,200,776,201,15.72,2.35,11.77,14.02,3.67,10.63,2.93,5.04,24.2,0.249213250140978
51,33,"Caroline","Virginia",28545,38.008601,-77.433166,2,3.18581490438065e-09,29,7.50314140854275e-08,51033,27904,1006,2307,529,20492,262,6766,534,909,215,1543,293,2748,459,1466,296,2966,439,975,230,40,29,132,69,30184,NA,8962,207,30184,NA,1381,NA,14481,981,13695,923,786,221,27984,1000,70,108,46,35,70,82,212,106,200,128,238,116,147,67,0,25,0,25,10911,437,1148,182,9763,455,13383,923,261,111,2043,344,171,100,211,106,237,80,29.69,4.58,8.27,14.38,5.43,10.52,1.95,3.51,21.15,0.945664890159886
51,35,"Carroll","Virginia",30042,36.712893,-80.763589,5,1.23773175631275e-08,60,1.77644172432393e-07,51035,29448,186,4429,769,22142,71,6755,542,1278,250,1747,395,2828,394,2374,338,2177,345,561,192,50,45,119,72,29738,NA,469,159,29738,NA,996,NA,13421,523,12952,544,469,160,29585,118,72,62,169,133,177,111,502,195,282,144,316,154,203,108,0,22,0,22,12375,346,1475,272,10900,426,12716,555,176,120,2849,405,179,100,446,165,720,185,1.58,3.35,15.04,19.21,3.49,11.92,1.38,5.82,29.36,1.11351059522203
51,36,"Charles City","Virginia",7256,37.381884,-77.102373,8,6.07413512997569e-08,70,5.30587644143584e-07,51036,6960,21,910,185,5422,10,1875,156,224,43,440,76,658,86,343,67,455,78,176,43,54,26,35,19,6995,NA,3402,24,6995,NA,129,NA,3491,114,3318,132,173,52,6975,18,5,7,25,19,74,30,82,32,44,21,52,26,102,59,0,17,0,17,2856,87,312,58,2544,96,3273,131,100,42,469,71,28,20,130,53,87,30,48.63,1.84,13.07,21.43,4.96,10.92,3.06,5.51,41.36,0.302550064832157
51,37,"Charlotte","Virginia",12586,37.017568,-78.630844,2,1.39054100812399e-08,6,5.04821428763443e-08,51037,11873,105,2859,518,8496,77,3192,299,513,158,686,164,984,181,885,180,612,157,229,77,15,11,14,19,12095,NA,3593,38,12095,NA,243,NA,5338,250,5031,270,307,131,11961,41,1,2,65,66,203,102,146,77,161,91,184,80,131,72,0,19,0,19,4543,274,772,155,3771,276,4884,277,88,77,1387,220,90,58,253,91,382,118,29.71,2.01,24.08,16.08,5.75,16.99,1.8,7.45,34.13,0.494220137376445
51,41,"Chesterfield","Virginia",316236,37.418224,-77.550555,213,4.436023303174e-08,1548,3.35850174618821e-07,51041,335404,443,23815,1812,227148,84,45362,1495,7763,673,13994,763,32919,1193,18536,974,56635,1322,25736,1049,4423,459,3735,445,339447,NA,83725,554,339447,NA,28910,NA,182469,1609,173467,1697,9002,794,336935,369,368,141,1292,245,2116,319,3468,347,2730,428,2248,356,1168,243,103,59,35,37,123010,632,8381,574,114629,777,170647,1675,1889,407,30188,1032,2520,423,5995,562,1309,201,24.67,8.52,7.1,7.94,4.93,6.81,1.11,4.02,29.49,0.798436979997475
51,43,"Clarke","Virginia",14034,39.129687,-77.988093,23,1.23703844855284e-07,199,9.12188549192774e-07,51043,14134,108,1410,413,10203,123,2527,264,426,125,642,156,1294,246,877,182,1669,260,1138,208,260,93,214,97,14365,NA,907,63,14365,NA,748,NA,7463,305,7182,295,281,103,14197,94,38,41,155,80,195,113,57,56,105,69,284,104,157,87,0,19,0,19,5639,184,253,114,5386,207,7030,304,142,93,1423,207,69,52,554,170,217,126,6.31,5.21,9.98,11.33,3.77,4.49,2.02,6.98,51.66,0.364938373614267
51,45,"Craig","Virginia",5190,37.476038,-80.174522,11,1.03308558966465e-07,49,4.59583297847473e-07,51045,5096,31,435,179,3912,184,1439,274,247,124,373,154,395,144,443,201,551,241,108,86,21,35,42,49,5113,NA,17,25,5113,NA,2,4,2239,219,2207,221,32,35,5096,31,0,17,0,17,33,43,35,33,0,17,49,47,0,17,0,17,0,17,2266,179,281,136,1985,205,2124,233,6,11,630,201,13,14,78,70,26,36,0.33,0.04,8.54,7.49,1.43,12.4,0.28,2.3,15.07,0.256714060031596
51,47,"Culpeper","Virginia",46689,38.500155,-77.997848,5,2.33852283981826e-08,58,3.02262690850264e-07,51047,48744,322,3986,742,33695,151,8262,502,1910,290,2468,261,5086,497,2666,381,5113,453,2468,370,464,131,287,139,50450,NA,8461,219,50450,NA,5180,NA,25527,545,24163,613,1364,264,49128,212,44,44,164,79,241,100,496,146,616,196,455,140,176,91,29,45,0,28,16903,303,1705,267,15198,355,23392,617,662,231,4364,360,378,145,975,222,272,114,16.77,10.27,8.18,14.75,5.34,10.09,2.83,4.52,33.06,1.14734183073333
51,49,"Cumberland","Virginia",10052,37.483249,-78.257306,7,7.85716459292789e-08,49,3.16973987732406e-07,51049,9709,61,1880,519,6963,121,2205,339,228,97,600,167,876,223,516,164,658,213,460,125,23,20,75,58,9786,NA,3396,147,9786,NA,27,35,5005,270,4656,299,349,144,9776,19,0,17,104,87,93,56,170,80,97,61,171,94,75,59,0,17,0,17,3963,201,828,248,3135,265,4427,293,52,45,1071,227,119,77,124,86,230,130,34.7,0.28,19.36,18.99,6.97,20.89,1.17,7.26,28.89,0.387399327148537
51,51,"Dickenson","Virginia",15903,37.142003,-82.379283,2,1.48413359284832e-08,24,1.8108991749192e-07,51051,14477,165,3512,515,10948,67,3244,299,822,153,851,180,1288,227,972,177,696,172,308,84,51,34,36,34,14960,NA,116,13,14960,NA,133,NA,4698,393,4433,390,265,88,14496,151,25,29,62,47,141,82,222,88,94,77,134,82,71,55,0,19,0,19,5841,254,1324,206,4517,273,4342,383,49,47,1385,225,69,49,436,130,289,129,0.78,0.89,24.26,24.48,5.64,22.67,1.13,5.17,46.08,0.240997039179233
51,53,"Dinwiddie","Virginia",28001,37.135094,-77.560538,20,4.21438912622236e-08,173,3.52955012592709e-07,51053,27677,219,3542,753,20176,180,6198,582,1353,279,1508,275,2525,462,1823,332,2234,342,1086,288,76,55,72,74,28308,NA,9417,212,28308,NA,956,NA,14619,564,13594,571,1025,313,27981,188,0,22,227,148,186,99,312,111,416,206,204,171,237,130,0,22,0,22,10391,308,1319,288,9072,324,13187,606,203,124,2491,304,173,95,536,205,312,126,33.27,3.38,12.8,16.36,7.01,12.69,1.54,5.65,32.54,0.329489291598023
51,57,"Essex","Virginia",11151,37.911272,-76.90549,4,2.10171379802929e-08,46,8.73954651252712e-06,51057,10959,23,1500,346,7815,117,2536,261,409,120,533,146,1308,241,392,116,941,177,274,94,36,38,40,34,11036,NA,4410,129,11036,NA,390,NA,5511,305,5231,319,280,121,10938,39,0,19,66,54,99,88,45,42,55,46,41,30,85,53,0,19,0,19,4463,227,571,137,3892,230,5076,301,103,66,1355,197,138,85,227,79,209,89,39.96,3.53,13.69,17.22,5.08,12.79,2.03,3.57,31.85,0.311383826357725
51,59,"Fairfax","Virginia",1081726,38.843734,-77.258936,498,5.01392845449438e-08,2911,2.93171164944001e-07,51059,1133591,856,69895,3526,777876,115,90459,2505,9208,646,28073,1088,71441,1846,42205,1308,240151,2897,172742,2421,36626,1414,25793,1007,1143529,NA,127259,1256,1143529,NA,185551,NA,638310,2340,611628,2441,26682,1241,1130253,678,1242,246,5821,618,7535,706,11421,934,10527,869,8156,610,4585,486,852,223,432,160,394447,1221,16772,852,377675,1387,607511,2366,14637,1210,126101,1663,10230,732,25754,1078,4979,472,11.13,16.23,6.17,7.86,4.18,4.25,2.41,4.47,29.71,0.61609582940489
51,61,"Fauquier","Virginia",65203,38.696041,-77.777194,26,5.82695446096161e-08,193,4.21534876740385e-07,51061,68696,167,4177,759,47526,129,10664,629,2052,339,3421,352,6617,450,4008,425,10761,613,4791,409,892,188,622,144,69115,NA,6399,171,69115,NA,5498,NA,36820,600,35568,655,1252,234,68738,157,258,133,134,57,280,123,819,209,578,166,447,141,383,121,51,64,0,28,24333,361,1182,217,23151,424,34519,718,400,172,5316,419,479,163,893,229,665,163,9.26,7.95,6.08,7.78,3.4,4.86,1.16,4.29,29.5,0.567385921471525
51,63,"Floyd","Virginia",15279,36.944158,-80.342686,3,1.20571224924246e-08,70,2.69300327837771e-07,51063,15570,94,1780,488,11510,108,3357,346,495,154,593,135,1723,316,1114,238,1521,259,796,191,117,65,128,79,15666,NA,353,151,15666,NA,464,NA,7340,386,7163,398,177,92,15559,95,5,10,9,14,117,74,225,123,93,56,105,68,102,68,0,19,0,19,6480,238,566,150,5914,267,7112,408,172,162,1154,253,24,34,130,68,293,134,2.25,2.96,11.43,14.47,2.41,8.73,2.42,4.22,17.89,0.221589110477999
51,65,"Fluvanna","Virginia",25691,37.888175,-78.301879,60,1.1984423796563e-07,509,9.59866886543621e-07,51065,24992,121,1221,338,19122,197,3638,392,972,206,1617,260,3023,457,1561,256,3637,452,2246,336,300,124,414,179,26282,NA,4277,58,26282,NA,880,NA,12924,522,12252,570,672,236,24981,161,88,72,93,88,229,89,326,175,191,142,112,72,185,95,0,22,27,40,9842,242,340,106,9502,248,12114,520,42,35,1586,291,103,67,241,140,411,179,16.27,3.35,4.89,8.96,5.2,3.45,0.35,5.01,29.28,0.209087854235896
51,67,"Franklin","Virginia",56159,37.016004,-79.861232,4,1.36951668821972e-08,40,1.23717446266917e-07,51067,54475,267,8940,1184,40771,184,11374,767,2829,411,3315,466,5608,621,3962,379,5082,503,2506,375,477,150,307,117,56233,NA,5026,138,56233,NA,1548,NA,26485,600,25156,694,1329,307,55887,105,198,126,422,179,607,189,638,167,520,154,448,131,339,125,0,28,0,28,23104,417,2540,392,20564,509,24308,678,430,176,4657,524,363,170,928,269,703,196,8.94,2.75,16.41,13.03,5.02,10.99,1.77,5.68,32.65,1.6709671678975
51,69,"Frederick","Virginia",78305,39.168677,-78.193089,20,6.66011670787959e-08,191,1.02567510003385e-06,51069,83666,333,5225,797,58549,140,15633,728,3456,486,4120,438,7168,590,5086,454,9665,621,4847,438,980,263,940,196,85153,NA,4653,140,85153,NA,7003,NA,44522,663,42883,674,1639,324,83915,313,132,91,286,141,565,153,1146,249,803,196,619,169,513,153,48,65,25,36,30973,452,1480,266,29493,506,42177,678,526,218,6908,527,524,171,1099,234,690,191,5.46,8.22,6.25,11.36,3.68,4.78,1.25,4.93,26.1,0.734536811725426
51,71,"Giles","Virginia",17286,37.317609,-80.71689,4,9.97804880775951e-09,29,7.87974729209719e-07,51071,16519,175,1872,333,12135,80,3833,310,713,221,882,167,2087,328,980,167,1360,210,553,126,156,71,139,63,16814,NA,439,112,16814,NA,285,NA,7750,306,7392,297,358,135,16699,128,57,39,84,64,180,103,182,86,154,81,126,60,66,42,0,19,0,19,6987,237,535,115,6452,240,7313,302,87,55,1624,216,103,65,210,72,178,68,2.61,1.7,11.33,11.8,4.62,7.66,1.19,5.08,21.65,0.837093327000712
51,73,"Gloucester","Virginia",36858,37.377825,-76.530947,41,7.18987320632098e-08,212,6.04319455637672e-07,51073,36884,101,3125,678,26934,149,7901,555,1041,217,1920,302,4465,425,2517,341,3599,393,1997,340,304,124,252,113,37161,NA,3510,101,37161,NA,1287,NA,18144,661,17623,672,521,126,36563,163,31,32,137,87,381,148,305,129,397,149,375,149,154,75,9,15,0,25,14759,286,1202,250,13557,343,17676,647,180,120,3498,421,268,107,572,191,285,113,9.45,3.46,8.47,10.91,2.87,8.14,1.02,4.89,26.14,0.508715092773568
51,75,"Goochland","Virginia",21717,37.703091,-77.85186,19,4.6920067935315e-08,119,3.38870161254212e-07,51075,21302,247,1136,338,16837,120,3426,302,898,201,1034,227,2001,253,1345,226,4222,367,1449,230,574,148,353,117,22482,NA,3869,121,22482,NA,611,NA,11073,460,10715,454,358,135,21324,246,10,18,7,12,9,16,104,85,162,80,192,106,61,47,36,55,5,8,8426,219,467,138,7959,252,10538,457,109,77,1269,239,98,88,167,92,345,120,17.21,2.72,5.33,9.12,3.23,5.54,1.03,2.75,28.68,0.344174840819136
51,77,"Grayson","Virginia",15533,36.648239,-81.1193,6,4.39541022700172e-08,46,2.35872945592504e-07,51077,14965,601,3085,546,11981,65,3866,367,879,316,941,163,1451,204,1204,215,1130,215,274,84,36,22,55,39,15811,NA,959,144,15811,NA,514,NA,6904,465,6457,479,447,141,14979,600,30,31,41,38,149,90,81,47,135,76,236,95,120,63,10,15,0,19,6542,382,902,179,5640,373,6199,486,124,62,1358,193,121,108,224,87,302,104,6.07,3.25,20.61,17.9,6.47,13.79,2,5.35,32.67,0.658946964365684
51,79,"Greene","Virginia",18403,38.254353,-78.422182,25,7.07831095416079e-08,106,3.6406580041777e-07,51079,19289,90,1151,319,13495,86,3653,409,492,145,987,202,1887,314,897,204,1971,305,1390,300,159,72,225,105,19410,NA,1576,159,19410,NA,1141,NA,10342,360,9820,409,522,197,19215,110,90,80,235,98,184,103,152,56,90,87,316,132,123,83,10,15,10,18,7357,230,580,164,6777,269,9674,388,171,141,1459,231,121,98,182,91,306,120,8.12,5.88,5.97,13.59,5.05,7.88,1.77,6.3,26.28,0.556145406744527
51,81,"Greensville","Virginia",12243,36.721194,-77.537371,4,1.29210743738134e-07,28,7.58657735835938e-07,51081,8444,236,1407,372,8821,119,2406,284,1219,182,796,209,991,166,503,114,509,140,199,72,57,38,28,29,11659,NA,7130,62,11659,NA,267,NA,4222,321,3943,338,279,125,8444,236,26,42,91,67,65,50,144,93,75,70,118,60,30,26,0,19,0,19,3688,205,723,157,2965,213,3935,339,195,115,990,188,111,76,142,70,159,82,61.15,2.29,16.66,23.95,6.61,19.6,4.96,6.5,30.45,0.524640921991915
51,83,"Halifax","Virginia",36241,36.75003,-78.927107,8,5.17198068013002e-08,46,3.10580388027953e-07,51083,34049,156,5145,903,24981,46,7650,492,1585,301,1681,249,3402,400,2176,269,2543,304,1152,222,210,104,68,42,34779,NA,13062,161,34779,NA,703,NA,15352,583,14700,597,652,186,34067,145,114,82,64,58,201,97,403,127,396,147,330,134,316,119,11,18,0,25,14025,380,1892,256,12133,438,14358,636,285,116,3549,329,197,103,742,206,831,202,37.56,2.02,15.11,18.07,4.25,13.49,1.98,5.39,34.55,0.662368112543963
51,85,"Hanover","Virginia",99863,37.687345,-77.420161,205,1.75912412326439e-07,1435,1.15783311674674e-06,51085,102635,265,5725,807,71859,94,16025,788,2341,313,4697,434,9920,609,5735,548,18675,787,7017,516,1423,216,1043,192,104449,NA,10513,133,104449,NA,3058,NA,56681,696,54987,783,1694,267,103968,162,76,60,194,115,331,134,641,170,646,216,473,144,315,107,13,18,16,29,38599,446,1827,257,36772,469,53680,822,388,147,7086,437,503,171,1231,217,605,131,10.07,2.93,5.58,6.93,2.99,4.73,0.72,2.6,26.76,1.40340734247802
51,87,"Henrico","Virginia",306935,37.60276,-77.495683,235,1.09912612789881e-07,1701,8.77674722237262e-07,51087,322653,436,32209,2269,224714,53,41215,1484,7621,701,12626,751,31890,1325,15668,1119,59255,1536,26889,1103,6471,559,3876,386,325642,NA,101166,292,325642,NA,17959,NA,180541,1469,171012,1594,9529,843,323272,272,444,165,1914,489,2650,435,3535,425,2700,355,2228,362,1141,270,176,115,41,50,127111,870,10390,699,116721,1025,167508,1619,3412,551,47408,1117,3965,524,10199,798,1885,298,31.07,5.51,9.98,8.55,5.28,8.17,2.04,4.59,31.11,1.61270238503801
51,89,"Henry","Virginia",54151,36.690407,-79.903132,16,8.95911388731608e-08,84,3.77985830260357e-07,51089,50886,179,10347,1086,37847,150,10110,590,2857,374,2774,327,4999,465,4253,421,3149,377,1280,226,141,69,269,124,51588,NA,12384,250,51588,NA,2740,NA,21890,700,20064,659,1826,301,50992,162,27,36,298,176,524,168,528,201,615,179,551,166,557,164,22,27,0,28,21598,518,4235,461,17363,552,19787,654,438,173,5969,516,342,152,1140,251,846,208,24.01,5.31,20.33,21.18,8.34,19.61,2.21,6.12,28.93,0.302239318587718
51,91,"Highland","Virginia",2321,38.386074,-79.568796,0,0,3,3.1705207864218e-07,51091,2184,29,268,104,1869,70,593,111,75,46,192,73,245,76,88,48,252,77,140,49,23,19,16,14,2214,NA,0,12,2214,NA,0,12,898,95,893,97,5,8,2214,1,6,9,0,12,15,23,42,34,20,21,8,11,21,18,0,12,0,12,1123,64,73,44,1050,75,876,95,46,39,203,75,0,12,19,21,92,51,0,0,12.27,13.11,0.56,6.5,5.25,5.06,17.12,0.0452488687782805
51,93,"Isle of Wight","Virginia",35270,36.921892,-76.655375,32,5.12553638847756e-08,385,5.86229491657566e-07,51093,36014,171,3604,657,26162,123,5930,424,1130,215,1901,277,3922,343,2632,298,4232,383,2245,277,628,178,260,89,36372,NA,8736,94,36372,NA,1075,NA,18918,438,17425,514,1493,256,35944,180,24,32,253,235,141,85,427,180,175,106,336,115,104,76,14,18,0,25,14304,278,1614,238,12690,341,17256,519,125,74,3612,347,356,165,546,172,607,176,24.02,2.96,10.01,12.54,7.89,11.28,0.72,4.1,30.02,0.522285064812058
51,95,"James City","Virginia",67009,37.294786,-76.757657,43,1.06377617749641e-07,214,5.99611063261643e-07,51095,73195,254,5695,1042,53559,307,8995,699,996,245,3151,385,6800,709,4379,512,14465,773,8895,563,1649,356,1555,261,74153,NA,10772,213,74153,NA,4138,NA,34852,873,33444,876,1408,299,72580,311,38,42,292,158,557,208,423,180,517,262,560,182,349,169,0,28,14,24,28766,522,1304,305,27462,542,33279,894,509,223,7332,574,733,189,1758,330,585,202,14.53,5.58,7.78,4.99,4.04,4.53,1.53,3.79,36.92,0.362579682448264
51,97,"King and Queen","Virginia",6945,37.699158,-76.89237,4,3.2669495925304e-08,47,3.32421617560905e-07,51097,7042,22,1165,356,5193,130,1900,254,155,97,282,111,711,171,392,131,671,178,312,132,0,17,44,35,7052,NA,1945,194,7052,NA,223,NA,3275,243,3081,288,194,148,7052,17,35,49,111,88,163,91,35,42,36,34,83,62,38,55,0,17,0,17,2826,159,259,98,2567,172,3011,287,26,35,464,122,14,21,116,53,78,53,27.58,3.16,16.54,13.98,5.92,9.16,0.86,7.1,33.68,0.880431695541039
51,99,"King George","Virginia",23584,38.291254,-77.162858,2,5.28629975376802e-09,17,1.02827993390059e-07,51099,25647,104,1452,478,17084,124,3981,393,802,231,1271,262,2539,343,1467,240,3729,354,1933,276,92,86,161,60,25890,NA,4808,127,25890,NA,1282,NA,13399,399,12863,402,536,148,25375,155,0,22,28,31,197,98,193,109,106,57,233,129,79,50,0,22,0,22,9103,208,831,173,8272,230,12929,407,270,172,2089,267,171,82,215,99,192,94,18.57,4.95,5.66,6.49,4,9.13,2.09,3.29,20.35,0.602069614299153
51,101,"King William","Virginia",15935,37.702616,-77.05673,3,3.25571882120158e-08,19,1.47110083534407e-07,51101,16421,84,1655,541,11398,79,3608,343,505,155,802,229,1829,310,1165,200,1650,226,534,168,97,52,48,62,16497,NA,3116,152,16497,NA,257,169,8545,297,8292,332,253,100,16442,79,16,24,89,77,173,106,35,36,81,57,127,73,87,49,0,19,0,19,6170,212,453,132,5717,248,8214,326,55,39,849,184,26,29,176,88,199,83,18.89,1.56,10.08,10.18,2.96,7.34,0.67,3.7,31.08,0.153491941673062
51,103,"Lancaster","Virginia",11391,37.70389,-76.437123,5,2.60532064291022e-08,57,6.94443005774559e-07,51103,10713,55,983,258,8573,136,2330,272,273,81,636,159,1198,225,537,122,1384,191,691,128,414,125,158,75,10804,NA,3342,65,10804,NA,47,62,4492,272,4338,270,154,67,10713,55,0,19,16,27,118,76,61,53,53,34,208,86,117,63,0,19,0,19,5142,248,511,143,4631,266,4284,265,77,66,1252,228,63,48,197,93,272,145,30.93,0.44,9.18,11.1,3.43,9.94,1.8,5.35,26.53,0.333858851896504
51,105,"Lee","Virginia",25587,36.715746,-83.103165,2,2.05712932175775e-08,15,1.11229974444194e-07,51105,22591,410,5414,662,17974,221,4693,368,1393,278,1411,226,2785,326,1281,244,1477,223,347,113,85,62,132,95,24134,NA,1070,211,24134,NA,455,NA,8335,483,7474,511,861,204,22615,388,54,52,87,65,172,65,464,102,339,107,284,115,189,98,0,22,0,22,9149,346,2326,276,6823,362,7184,508,225,108,2684,348,208,90,609,156,786,206,4.43,1.89,23.97,24.31,10.33,25.42,3.13,7.03,43.05,2.06873114990867
51,107,"Loudoun","Virginia",312311,39.047874,-77.510676,141,4.82332083367701e-08,945,3.55286704038048e-07,51107,383171,346,14223,1424,246287,33,27020,1154,3469,454,10050,634,25066,984,14987,748,86622,1624,51610,1180,6388,613,5100,476,385143,NA,35293,778,385143,NA,52119,NA,215393,1376,207877,1387,7516,516,382843,281,751,213,1698,290,1726,363,2786,525,2605,361,1519,288,960,219,186,107,106,68,125309,536,4197,461,121112,715,204808,1354,2743,627,27796,854,2832,391,5197,594,1206,244,9.16,13.53,3.71,6.49,3.49,3.35,1.34,3.22,30.2,0.314858055794519
51,109,"Louisa","Virginia",33153,37.979376,-77.965373,1,1.36796786768966e-09,14,4.08132732246626e-08,51109,35085,197,4325,705,25700,96,7272,554,1442,260,2144,343,2842,430,1904,276,3767,436,1567,262,369,154,323,123,35380,NA,6240,48,35380,NA,986,NA,17577,492,16475,509,1102,251,35286,88,57,48,165,106,155,95,422,128,376,134,349,121,389,141,0,25,0,25,13575,410,1653,307,11922,458,16214,529,363,199,2757,357,335,143,529,142,416,154,17.64,2.79,12.33,15.84,6.27,12.18,2.24,5.42,36.91,0.372505302082767
51,111,"Lunenburg","Virginia",12914,36.970055,-78.21653,2,1.16776407662197e-08,20,2.17055267833658e-07,51111,11309,131,2022,473,9030,147,2635,307,956,170,595,127,1278,213,590,156,709,150,215,79,11,13,18,18,12278,NA,3922,353,12278,NA,549,NA,4675,296,4470,306,205,80,11325,128,8,16,51,42,196,96,96,59,67,52,177,79,128,86,10,16,0,19,4331,221,753,164,3578,216,4335,309,109,76,1243,173,93,65,223,83,231,78,31.94,4.47,17.88,22.4,4.39,17.39,2.51,6.47,31.23,0.612278669534999
51,113,"Madison","Virginia",13308,38.378917,-78.23516,5,4.27393444437552e-08,69,3.87065746069819e-07,51113,12940,103,1070,359,9461,112,2891,345,507,155,659,193,1286,284,603,193,1457,266,625,170,113,67,90,78,13139,NA,1442,114,13139,NA,352,NA,6431,332,6080,352,351,172,12976,82,10,18,73,70,144,85,94,67,124,77,271,113,178,90,0,19,0,19,5078,236,493,149,4585,240,5989,352,139,94,1364,275,101,76,206,116,340,148,10.97,2.68,8.27,13,5.46,9.71,2.32,6.89,29.98,0.549078600977811
51,115,"Mathews","Virginia",8978,37.444144,-76.342952,5,2.81484177014374e-08,58,5.09040913159786e-07,51115,8713,60,942,452,6846,200,1992,392,197,128,459,207,1203,395,437,163,1221,298,464,190,164,115,66,57,8796,NA,926,215,8796,NA,79,105,3874,270,3768,283,106,70,8693,74,18,34,0,17,140,92,79,73,75,92,104,103,66,48,0,17,0,17,3908,279,348,124,3560,267,3686,282,33,38,502,196,0,17,143,90,0,17,10.53,0.9,10.81,9.39,2.74,8.9,0.9,5.54,28.49,0.27266530334015
51,117,"Mecklenburg","Virginia",32727,36.691889,-78.320815,1,1.74783896543398e-09,35,7.43482397776164e-08,51117,29797,223,5633,688,22774,44,5854,500,1392,241,1554,219,3527,398,1848,282,2860,308,1076,220,140,71,104,69,30847,NA,11246,82,30847,NA,888,NA,12885,469,12329,476,556,147,29924,210,7,13,134,101,476,148,334,159,290,101,384,147,186,105,0,25,0,25,11815,385,1616,245,10199,407,12127,474,335,151,3558,340,236,109,654,176,826,211,36.46,2.88,18.9,19.4,4.32,13.68,2.76,6.05,32.58,0.66231647634584
51,119,"Middlesex","Virginia",10959,37.601651,-76.504547,6,1.7295411798423e-07,81,7.06900793790623e-07,51119,10353,94,874,194,8239,119,2325,298,330,88,764,162,1184,200,685,152,1104,179,497,113,127,59,69,41,10700,NA,1865,371,10700,NA,79,70,4502,278,4302,277,200,91,10360,94,0,19,35,42,117,109,57,39,134,64,110,69,60,47,0,19,0,19,4454,228,492,133,3962,244,4235,287,111,91,869,181,72,43,88,44,130,79,17.43,0.74,8.44,14.01,4.44,11.05,2.62,4.95,21.65,0.0835732194261306
51,121,"Montgomery","Virginia",94392,37.189631,-80.412336,82,2.58000823102642e-07,189,1.97657441760497e-06,51121,88706,588,21533,1273,55516,152,10194,812,2158,332,2894,359,6851,672,3844,497,12275,665,7663,624,1502,303,3974,420,97997,NA,4967,153,97997,NA,3110,NA,48434,1192,46179,1084,2255,380,97345,197,83,69,153,105,965,299,874,262,619,222,332,150,330,179,119,109,0,28,35483,638,2482,321,33001,683,42291,1071,1043,326,15953,818,782,229,4665,493,2100,395,5.07,3.17,24.27,7.5,4.66,6.99,2.47,3.57,39.32,0.738495731676517
51,125,"Nelson","Virginia",15020,37.810028,-78.871691,3,2.4911104212208e-08,10,8.50990108226913e-08,51125,14670,100,1812,472,11212,91,2964,323,565,166,633,182,1190,254,650,156,1918,299,1197,243,280,123,201,121,14812,NA,1993,81,14812,NA,607,NA,7283,390,6997,403,286,163,14764,66,22,31,73,55,89,69,249,117,74,52,211,88,136,72,0,19,0,19,6445,341,777,182,5668,342,6891,406,94,95,1658,264,37,38,222,117,506,164,13.46,4.1,12.35,14.4,3.93,12.06,1.36,5.78,22.48,0.296575896468051
51,127,"New Kent","Virginia",18429,37.497253,-77.037031,6,3.85664958069296e-08,19,9.33883736383216e-08,51127,20482,144,992,329,15203,181,4177,458,846,211,1328,242,2302,310,1135,212,2673,339,1316,267,45,37,282,128,21103,NA,2996,9,21103,NA,665,NA,11041,394,10544,423,497,169,20540,128,0,22,0,22,40,59,158,124,49,62,254,121,84,70,13,20,0,22,7754,235,453,151,7301,252,10454,425,116,110,1148,235,20,29,268,121,162,130,14.2,3.15,4.84,7.23,4.5,5.84,1.11,2.91,29.21,0.607386896520924
51,131,"Northampton","Virginia",12389,37.389508,-75.917594,1,3.46647930546159e-09,47,3.15539085370314e-07,51131,11631,97,2216,348,8757,106,2765,255,379,111,388,109,1205,197,573,137,1180,167,488,106,101,36,119,53,11957,NA,4242,87,11957,NA,1037,NA,5053,232,4897,232,156,60,11673,86,56,51,59,45,84,62,215,112,156,77,46,32,151,74,0,19,0,19,5151,229,841,155,4310,208,4826,239,163,81,1780,231,177,84,267,99,269,90,35.48,8.67,19.05,17.8,3.09,16.33,3.38,6.57,29.38,0.289731572219855
51,133,"Northumberland","Virginia",12330,37.890865,-76.414247,3,2.29809862211037e-08,43,2.87599859223786e-07,51133,12210,21,1700,471,9807,171,2637,335,539,173,577,143,1547,266,793,204,1704,268,842,169,101,57,147,92,12223,NA,3503,139,12223,NA,91,70,5107,395,4780,362,327,174,12223,19,75,97,119,139,47,65,184,180,100,108,126,67,116,80,0,19,0,19,5686,319,389,135,5297,332,4682,355,56,46,834,240,55,64,150,101,199,96,28.66,0.74,13.92,9.38,6.4,6.84,1.2,6.28,32.28,0.856178480283198
51,135,"Nottoway","Virginia",15853,37.144866,-78.075207,8,3.60934956027206e-08,30,1.86376755307857e-07,51135,13938,247,2814,561,11006,105,3278,405,898,184,710,141,1610,293,710,173,929,200,413,152,45,35,14,14,15500,NA,6398,97,15500,NA,657,NA,5812,344,5596,318,216,98,13959,244,9,20,130,109,227,116,74,58,146,100,306,173,95,94,16,31,5,8,5542,303,1501,250,4041,300,5535,315,53,49,2146,345,131,85,413,130,325,157,41.28,4.24,20.19,21.8,3.72,27.08,0.96,7.22,29.87,0.583657587548638
51,137,"Orange","Virginia",33481,38.267152,-77.966785,7,1.07178049696267e-08,68,1.06308962301786e-07,51137,34749,313,2984,673,25025,152,7416,609,1310,319,1942,364,3636,445,1747,296,3666,468,1923,322,373,135,108,60,35612,NA,5172,129,35612,NA,1695,NA,17603,505,16575,535,1028,258,35074,181,135,118,381,236,214,101,336,124,359,165,466,219,252,149,0,25,0,25,13453,367,1131,234,12322,434,16268,561,195,117,3005,394,190,115,413,153,521,179,14.52,4.76,8.59,11.6,5.84,8.41,1.2,6.11,24.28,0.283811810937671
51,139,"Page","Virginia",24042,38.604441,-78.500392,3,9.52875638725119e-09,32,1.53289736880093e-07,51139,23506,113,4303,779,17307,73,6142,430,1517,249,1301,254,1874,347,842,195,1566,247,701,175,86,51,55,33,23749,NA,598,134,23749,NA,464,NA,11539,474,10794,508,745,190,23537,106,28,38,59,44,165,77,197,107,474,136,246,111,214,106,0,22,0,22,9338,327,1362,216,7976,365,10544,495,114,87,2792,284,206,106,594,154,553,140,2.52,1.95,18.31,18.62,6.46,14.59,1.08,5.88,35.73,1.07800944302845
51,141,"Patrick","Virginia",18490,36.655724,-80.282113,1,2.02373153201015e-08,15,1.24228344090033e-07,51141,17491,146,3264,568,13540,73,3621,323,1104,275,974,213,1834,304,1333,235,1143,209,559,130,86,54,92,66,17859,NA,1064,71,17859,NA,527,NA,7722,397,7283,437,439,127,17534,146,0,19,53,32,167,89,164,90,288,118,173,95,267,87,0,19,0,19,7685,245,1243,242,6442,283,7126,435,68,69,1807,248,209,108,341,139,345,137,5.96,2.95,18.66,20.64,5.69,16.17,0.95,6.34,37.62,0.237650653539297
51,143,"Pittsylvania","Virginia",63506,36.772086,-79.409643,16,2.7429485859922e-08,116,1.05293428236879e-07,51143,60558,194,9457,1129,45213,112,12694,685,3259,347,3792,504,6927,533,4121,365,4169,384,1793,247,210,88,127,71,61676,NA,13767,88,61676,NA,1591,NA,29209,632,27404,652,1805,301,60450,306,18,22,91,48,678,175,706,211,504,151,715,168,585,188,11,16,0,28,26330,444,4081,422,22249,478,27265,614,776,290,6580,505,553,166,1169,238,959,162,22.32,2.58,15.62,17.96,6.18,15.5,2.85,5.47,30.64,0.224778093159855
51,145,"Powhatan","Virginia",28046,37.546342,-77.872664,23,4.39318264777157e-08,200,4.79982739800576e-07,51145,25870,285,1383,421,21108,124,4740,462,1659,260,1432,251,3438,421,1695,328,4351,498,1458,309,199,84,77,56,28574,NA,3318,101,28574,NA,608,NA,13602,497,13269,481,333,121,25915,278,0,22,107,90,154,131,116,87,166,110,106,87,128,79,0,22,14,25,10178,257,323,124,9855,282,13062,486,60,70,1059,234,41,41,45,46,111,67,11.61,2.13,5.35,9.75,2.45,3.17,0.46,3.05,9.07,0.370002398163692
51,147,"Prince Edward","Virginia",23368,37.259323,-78.423416,11,9.49356042252969e-08,63,5.01219146712514e-07,51147,18017,638,3577,720,12866,168,3295,351,912,263,1211,210,1423,264,690,179,1804,290,1277,308,232,106,307,116,22956,NA,7555,439,22956,NA,880,385,9112,567,8531,522,581,214,21771,528,45,59,117,116,232,126,68,67,198,117,118,70,220,134,0,22,0,22,7187,405,961,237,6226,371,7428,491,180,124,2379,364,174,95,486,157,409,177,32.91,3.83,19.85,13.33,6.38,13.37,2.42,4.58,33.5,0.675381263616558
51,149,"Prince George","Virginia",35725,37.215406,-77.293227,29,7.94001123325442e-08,255,7.3778884892405e-07,51149,33926,428,3142,722,26310,173,6341,542,2240,339,2047,272,4258,364,2468,343,4279,476,1590,259,285,115,160,85,37894,NA,13279,249,37894,NA,2979,NA,16291,664,15090,663,1201,279,33049,421,85,53,110,64,495,201,203,128,351,203,229,124,71,65,0,25,0,25,11415,319,908,192,10507,358,15847,675,482,264,3767,320,318,109,838,222,200,86,35.04,7.86,9.26,10.04,7.37,7.95,3.04,4.67,32.41,0.71687411375453
51,153,"Prince William","Virginia",402002,38.691636,-77.409683,194,3.18458327164278e-08,1153,1.86351684916343e-07,51153,451060,670,30520,2406,291144,95,53499,1588,6779,522,17413,827,40249,1450,22953,1037,69487,1358,38993,1292,4792,505,3554,329,456749,NA,107597,1025,456749,NA,105050,NA,246265,1702,234698,1707,11567,851,448890,752,931,260,4094,585,3842,458,6130,567,5608,593,3977,487,1950,333,285,170,137,70,140473,767,8180,632,132293,948,234288,1760,3160,529,37662,1120,3202,507,8846,672,1497,294,23.56,23,6.77,11.48,4.7,5.82,1.35,6,33.31,0.810878376790289
51,155,"Pulaski","Virginia",34872,37.081529,-80.705779,12,6.36382978889251e-08,83,4.04590976478766e-07,51155,33081,220,4446,662,25549,138,6863,447,1485,251,1965,279,3561,381,3186,325,3192,393,1351,215,189,93,237,118,34234,NA,2068,16,34234,NA,584,NA,16444,522,15441,506,1003,190,33122,203,28,23,190,123,173,87,177,80,229,106,254,115,125,62,0,25,4,7,14525,409,1863,285,12662,421,15229,519,206,143,4018,377,167,79,660,192,673,179,6.04,1.71,13.44,13.78,6.1,12.83,1.35,3.56,24.72,0.604708507015793
51,157,"Rappahannock","Virginia",7373,38.692393,-78.124495,0,0,12,2.38627815615327e-07,51157,7285,57,650,187,5512,64,1250,206,333,109,298,99,832,181,377,131,1050,175,514,149,139,76,110,48,7332,NA,412,89,7332,NA,263,NA,3641,207,3499,221,142,63,7323,8,23,39,32,35,10,16,142,64,109,58,48,33,144,53,0,17,8,13,2976,214,150,72,2826,209,3344,223,42,38,780,154,96,65,170,77,141,67,5.62,3.59,8.92,11.05,3.9,5.04,1.26,7.05,41.63,0.896304467733039
51,159,"Richmond","Virginia",9254,37.94866,-76.715071,5,8.24887969488692e-08,44,4.42661656082355e-07,51159,7195,245,1023,464,6697,206,1928,276,672,147,449,139,909,210,511,159,665,156,330,148,24,33,30,31,8878,NA,2807,60,8878,NA,603,NA,3557,300,3489,302,68,59,7212,241,0,17,64,61,63,47,22,25,27,40,32,45,114,73,0,17,0,17,3139,261,515,167,2624,262,3465,300,59,69,877,185,136,127,144,83,115,66,31.62,6.79,14.22,17.6,1.91,16.41,1.7,4.46,36.75,0.387253817216198
51,161,"Roanoke","Virginia",92376,37.271414,-79.989575,56,1.2997319778883e-07,441,1.07826831432217e-06,51161,91235,318,6754,857,67172,199,14876,753,2254,279,4842,437,8890,630,7712,598,15109,673,5160,552,1973,325,1119,249,93583,NA,6241,85,93583,NA,2731,NA,47435,762,45700,793,1735,331,92003,216,67,59,221,141,481,198,591,213,566,193,466,161,375,139,37,39,12,19,38343,407,2542,358,35801,535,44816,810,571,202,9940,551,636,200,2059,321,392,125,6.67,2.92,7.4,7.8,3.66,6.63,1.27,3.06,28.23,0.919498687189736
51,163,"Rockbridge","Virginia",22307,37.786365,-79.428059,10,2.37014660233515e-07,43,1.19602438733395e-06,51163,22276,114,3075,697,16927,118,4529,470,1144,204,1009,226,2236,327,1236,255,2575,348,1126,253,563,188,219,97,22509,NA,853,23,22509,NA,407,NA,10788,496,10153,483,635,289,22306,105,90,84,61,58,131,83,262,137,209,104,303,125,147,93,0,22,0,22,8979,369,928,214,8051,398,9825,508,83,56,1946,299,217,105,375,168,250,96,3.79,1.81,13.8,13.53,5.89,10.34,0.84,5.39,34.91,1.58667369901547
51,165,"Rockingham","Virginia",76314,38.454851,-78.837195,47,1.41483705440553e-07,167,4.83567528872777e-07,51165,77499,261,7401,899,54319,166,15758,691,3143,328,3300,315,5457,381,3641,343,8348,497,4082,379,641,172,989,184,79444,NA,2784,412,79444,NA,5383,NA,40641,658,39144,661,1497,287,79096,119,218,93,764,201,630,155,895,216,655,160,780,197,459,112,71,44,36,34,30946,408,2077,302,28869,460,37765,648,815,199,8114,572,560,156,1458,331,1010,190,3.5,6.78,9.55,16.5,3.68,6.71,2.16,5.7,28.41,0.697897690906405
51,167,"Russell","Virginia",28897,36.935284,-82.090612,3,2.15593035333289e-08,41,2.31816620160813e-07,51167,27078,127,5276,732,20190,42,5884,490,1399,272,1655,288,2349,335,1997,290,1946,317,690,207,47,43,49,39,27408,NA,501,178,27408,NA,190,101,10205,477,9508,489,697,207,27178,95,12,13,82,59,307,103,334,136,354,108,413,123,134,78,0,22,0,22,10965,346,1970,303,8995,372,9360,478,171,143,2622,318,76,62,559,183,742,178,1.83,0.69,19.48,20.67,6.83,17.97,1.83,6.02,33.78,0.650515926424406
51,169,"Scott","Virginia",23177,36.684532,-82.594258,5,1.92623756839842e-08,26,9.0867765542464e-08,51169,21138,212,3923,565,16441,73,5202,326,913,171,1358,208,2202,336,1305,197,1574,269,588,133,174,104,27,25,22009,NA,242,82,22009,NA,293,NA,8831,408,8340,410,491,118,21277,200,52,52,50,40,276,103,232,87,299,124,220,74,198,84,0,22,8,13,8767,274,1590,216,7177,336,8121,415,90,58,1934,238,122,60,447,121,592,145,1.1,1.33,18.56,18.84,5.56,18.14,1.11,6.27,42.4,1.97362310764373
51,171,"Shenandoah","Virginia",41993,38.86825,-78.529664,5,2.58435583180458e-08,50,4.08670990855783e-07,51171,42606,111,4620,661,30765,135,9926,641,1768,262,2631,422,3882,426,2340,312,4154,419,1620,254,261,77,142,52,43045,NA,1381,68,43045,NA,3019,NA,21460,430,20419,481,1041,229,42695,89,84,77,116,69,278,139,360,140,348,98,526,133,267,101,0,25,10,16,17315,370,1892,283,15423,384,20055,520,268,124,5086,414,510,171,1001,258,348,125,3.21,7.01,10.84,13.14,4.85,10.93,1.34,4.66,31.89,1.20468078258271
51,173,"Smyth","Virginia",32208,36.829257,-81.574231,7,3.42500407228827e-08,60,2.64362087569219e-07,51173,30324,189,5818,658,22669,106,6814,424,1769,218,1658,263,3217,334,2132,268,1987,305,994,159,86,46,181,71,31059,NA,924,147,31059,NA,628,NA,13368,412,12593,424,775,184,30447,184,9,15,102,62,349,113,447,129,375,119,260,95,297,103,11,22,0,25,12881,333,2323,231,10558,397,12311,429,308,149,3688,273,165,74,683,155,778,162,2.97,2.02,19.19,16.9,5.8,18.03,2.5,6.08,29.14,1.77868206878446
51,175,"Southampton","Virginia",18570,36.71473,-77.070645,3,9.73494117875025e-09,46,2.03754993178789e-07,51175,16326,304,1665,309,13183,106,3246,343,759,146,1259,246,2277,279,1180,172,1581,270,610,128,76,48,83,52,17939,NA,6220,264,17939,NA,277,NA,8149,340,7799,350,350,114,16352,303,5,8,29,24,76,57,139,76,105,62,139,85,190,77,0,19,0,19,6522,216,1097,175,5425,233,7663,348,201,114,1751,256,108,68,236,84,412,139,34.67,1.54,10.2,16.02,4.3,16.82,2.62,4.18,25.69,0.33549414306835
51,177,"Spotsylvania","Virginia",122397,38.238928,-77.571234,31,3.00226635009435e-08,302,2.83141564250553e-07,51177,130463,209,10447,1251,87020,106,21733,876,4017,390,6413,455,12494,664,6397,541,16629,730,8815,555,1141,160,826,177,131412,NA,23652,341,131412,NA,12308,NA,69084,858,65438,882,3646,428,130691,150,221,111,468,141,878,211,1724,281,978,219,844,189,672,198,36,41,3,12,43677,434,3536,374,40141,537,64748,867,931,261,9754,559,1213,255,2199,329,575,172,18,9.37,8.01,9.83,5.28,8.1,1.44,4.46,37.17,0.594466544495597
51,179,"Stafford","Virginia",128961,38.416536,-77.447823,41,2.17506993188452e-08,390,2.74433064218362e-07,51179,139983,573,6306,954,91806,98,17680,982,2968,349,5957,558,15010,771,7819,648,21350,1070,12921,716,1175,292,1111,207,144012,NA,29548,423,144012,NA,17782,NA,73328,1023,70371,1015,2957,296,138531,483,186,99,933,291,776,192,1645,349,745,224,731,172,528,178,0,28,0,28,46328,398,2315,380,44013,500,71093,1004,561,210,11039,678,1093,264,1976,369,634,214,20.52,12.35,4.5,6.33,4.03,5,0.79,4,29.5,0.737530008002134
51,181,"Surry","Virginia",7058,37.118648,-76.867196,30,2.054558941197e-07,118,1.08430149933618e-06,51181,6600,17,839,235,4849,77,1415,226,279,73,465,97,782,151,393,116,546,101,210,60,80,47,18,24,6600,NA,3033,62,6600,NA,50,38,3213,207,2983,205,230,88,6594,10,0,17,21,23,106,63,40,27,132,58,35,26,40,31,0,17,0,17,2760,164,400,101,2360,161,2913,194,19,19,639,151,42,40,114,57,136,73,45.95,0.76,12.71,13.63,7.16,14.49,0.65,5.67,31.01,0.401606425702811
51,183,"Sussex","Virginia",12087,36.972121,-77.210307,1,4.79562917070653e-09,8,5.15566559639255e-08,51183,7890,905,1382,294,8612,73,2124,464,1452,346,478,106,934,146,466,120,682,182,332,95,39,46,29,24,11486,NA,6711,107,11486,NA,333,NA,3659,753,3339,698,320,118,7927,898,14,18,9,10,55,54,41,52,20,34,41,39,55,44,2,3,0,19,3814,460,704,112,3110,417,3239,696,101,65,1250,221,168,74,270,85,192,80,58.43,2.9,17.52,24.11,8.75,18.46,3.12,2.99,41.4,0.231378481801192
51,185,"Tazewell","Virginia",45078,37.147549,-81.566563,6,1.19599397344034e-08,45,7.18874988450558e-08,51185,40559,200,6550,760,30719,171,9024,598,2127,310,2216,307,3715,351,3157,331,3057,422,1173,216,314,111,153,115,42080,NA,1527,103,42080,NA,409,NA,16883,559,15604,582,1279,246,40839,128,87,51,169,81,297,111,519,144,486,156,413,162,108,54,43,50,0,25,17042,460,2901,384,14141,485,15067,563,277,114,4119,376,232,102,535,178,771,189,3.63,0.97,16.15,18.83,7.58,17.02,1.84,5.2,22.91,1.50042834414392
51,187,"Warren","Virginia",37575,38.925068,-78.179261,18,2.17914213887331e-07,72,9.04847003892375e-07,51187,38516,190,4004,705,27171,170,7940,549,1829,267,2430,397,3477,464,2029,254,3963,409,1370,283,252,116,160,81,39449,NA,2476,77,39449,NA,1716,NA,20311,512,19074,502,1237,242,39123,119,52,51,156,96,244,112,637,178,500,158,281,106,350,125,6,10,0,25,14379,314,1510,279,12869,366,18413,501,285,170,3307,323,355,129,585,162,398,157,6.28,4.35,10.4,13.69,6.09,10.5,1.55,5.69,32.31,1.07491938104642
51,191,"Washington","Virginia",54876,36.703579,-81.972246,14,5.43148228829835e-08,127,9.49744287771382e-07,51191,52505,342,7862,855,39944,107,10198,598,3038,393,2751,330,5061,474,3921,425,5459,405,2552,330,555,153,415,141,54406,NA,1057,58,54406,NA,817,NA,25403,543,23898,586,1505,272,53587,212,9,15,261,129,325,120,697,155,511,145,490,131,439,147,0,28,0,28,22331,391,2854,321,19477,464,23233,611,238,106,5532,387,312,107,994,247,994,239,1.94,1.5,14.97,15.01,5.92,12.78,1.02,5.1,28.78,1.13414947979854
51,193,"Westmoreland","Virginia",17454,38.155269,-76.844011,6,3.88819593990647e-08,12,3.74633779978359e-08,51193,17570,91,2117,504,13156,191,3523,363,772,213,1149,231,2086,307,1116,231,1720,272,722,212,136,83,98,70,17638,NA,4873,24,17638,NA,1110,NA,8241,351,7610,372,631,251,17430,141,25,31,71,65,228,126,300,132,224,135,144,93,258,122,0,19,0,19,7612,357,934,211,6678,390,7526,404,53,53,1943,357,144,83,317,127,241,132,27.63,6.29,12.05,13.94,7.66,12.27,0.7,7.17,27.09,0.622546270330903
51,195,"Wise","Virginia",41452,36.952922,-82.609349,8,2.63307961565212e-08,93,6.56725129742546e-07,51195,35898,314,7890,833,27593,162,6471,423,1988,255,1967,303,3895,416,2319,333,2451,348,1087,226,294,107,175,71,39025,NA,2501,57,39025,NA,481,NA,14402,608,13075,638,1327,263,36774,244,41,46,118,79,573,182,467,168,534,151,249,102,164,79,0,25,16,18,15126,377,3441,380,11685,450,12252,595,204,110,5146,415,318,159,1159,267,1308,266,6.41,1.23,21.98,25.17,9.21,22.75,1.67,5.88,38.48,0.989161317478691
51,197,"Wythe","Virginia",29235,36.919123,-81.066298,7,5.7336753865656e-08,60,3.88729636489342e-07,51197,28600,138,4468,666,21141,81,6590,445,1523,350,1891,353,2141,321,2124,292,2382,362,1060,220,222,125,254,127,28940,NA,1191,160,28940,NA,347,NA,13994,581,13070,591,924,242,28755,76,55,54,141,90,146,83,151,88,447,131,195,89,37,30,0,22,0,22,11955,349,1633,247,10322,406,12902,598,350,153,2843,354,189,119,325,152,724,227,4.12,1.2,15.62,13.97,6.6,13.66,2.71,4.08,24.26,1.09549975655561
51,199,"York","Virginia",65464,37.172279,-76.49193,96,1.28881037289589e-07,572,9.0515243739269e-07,51199,66052,514,3101,571,45347,165,6789,473,1428,262,2745,291,6421,519,4803,377,10923,682,7579,544,960,202,1144,250,67587,NA,10216,240,67587,NA,4173,NA,32228,798,30286,798,1942,281,64018,554,146,109,161,101,201,131,432,253,339,143,358,137,145,83,119,94,11,16,24617,405,878,176,23739,433,31854,772,335,157,6941,441,601,192,1210,251,251,103,15.12,6.17,4.69,5.63,6.03,3.57,1.05,2.99,27.07,0.697167113757628
51,510,"Alexandria","Virginia",139966,38.820052,-77.09256,365,4.01900666217732e-07,2057,2.1226874767355e-06,51510,155124,308,16432,1408,118554,125,12497,811,1719,393,4290,625,11795,787,5755,550,34226,858,26498,873,8675,626,4227,374,156505,NA,37674,420,156505,NA,26247,NA,99424,950,96180,1033,3244,425,153088,422,466,204,1006,306,1150,234,2652,386,2465,324,1388,284,892,209,180,129,55,41,69979,585,3556,358,66423,686,97421,1022,5656,789,39990,793,3278,496,7254,609,1003,245,24.07,16.77,10.59,7.48,3.26,5.08,5.81,6.7,27.01,0.297763657883262
51,520,"Bristol","Virginia",17835,36.610479,-82.169512,8,7.40286649853053e-08,77,6.11351632388479e-07,51520,16498,69,3740,656,12093,107,2779,343,897,228,886,218,1768,261,881,200,1802,294,862,214,208,93,43,44,16843,NA,1665,119,16843,NA,102,100,7624,343,7174,405,450,198,16659,61,22,35,31,41,178,82,291,102,226,97,251,105,84,55,0,19,0,19,7402,251,1638,249,5764,281,7077,390,284,138,3040,331,248,117,728,209,310,130,9.89,0.61,22.67,16.27,5.9,22.13,4.01,6.5,35.75,1.37119281640578
51,530,"Buena Vista","Virginia",6650,37.734133,-79.352493,10,8.43726378720211e-07,44,1.1174237121123e-06,51530,5890,169,1182,388,4090,117,1350,247,244,103,312,124,584,195,235,106,332,125,258,106,13,22,48,43,6399,NA,393,190,6399,NA,62,42,3065,229,2991,234,74,59,6314,92,0,17,24,24,170,70,78,72,73,59,79,60,138,93,0,17,0,17,2539,191,341,122,2198,217,2868,236,54,63,845,194,55,70,157,88,117,98,6.14,0.97,20.07,17.46,2.41,13.43,1.88,8.9,29.12,1.98813532146865
51,540,"Charlottesville","Virginia",43475,38.033545,-78.490591,133,1.8214715061275e-06,697,1.24295042482587e-05,51540,44319,287,10915,765,30125,163,4562,449,1060,199,1398,324,3220,399,1310,236,7638,555,4585,466,1773,261,1851,294,47042,NA,9468,121,47042,NA,2531,NA,25650,589,24605,594,1045,183,46618,148,7,13,174,107,412,166,510,180,401,134,351,126,318,167,42,45,10,16,18613,341,1951,252,16662,389,23679,632,1482,402,10568,490,878,214,2790,295,801,189,20.13,5.38,24.63,9.06,4.07,10.48,6.26,4.77,37.56,0.187044080054866
51,550,"Chesapeake","Virginia",222209,36.757515,-76.282263,214,9.2233893676177e-08,1604,6.57475079541027e-07,51550,231227,811,20768,1999,159085,113,32778,1394,7063,567,11687,818,28542,1311,14939,945,32013,1216,15068,837,2925,444,1618,286,237820,NA,75294,630,237820,NA,14120,NA,116386,1545,110464,1703,5922,558,225316,998,224,106,1097,316,1775,335,2248,328,1438,247,979,217,892,205,29,34,41,53,84230,772,6530,522,77700,901,115126,1554,2263,529,24147,1034,2334,395,5939,569,1208,261,31.66,5.94,8.98,7.83,5.09,7.75,1.97,3.87,36.07,0.631403677967639
51,570,"Colonial Heights","Virginia",17411,37.264094,-77.401027,33,4.52140453046629e-07,289,4.1980246004778e-06,51570,17373,124,2341,531,12209,130,3209,299,725,187,1156,228,2003,337,1164,174,1996,242,639,143,111,65,89,55,17593,NA,2883,144,17593,NA,1011,NA,8391,312,7624,338,767,178,17468,91,0,19,33,31,180,81,230,119,64,47,125,63,45,33,5,15,0,19,7054,159,795,162,6259,204,7508,341,136,84,2570,216,293,109,683,157,155,66,16.39,5.75,13.47,9.15,9.14,11.27,1.81,3.9,40.41,2.25424774294847
51,580,"Covington","Virginia",5961,37.781277,-79.98934,6,8.65174164726571e-08,41,1.98689254203405e-06,51580,5468,64,831,226,4036,116,1427,191,319,92,204,80,601,155,317,134,414,125,158,65,44,38,0,17,5582,NA,814,89,5582,NA,144,61,2580,185,2454,190,126,77,5460,79,0,17,15,25,45,40,83,47,27,31,64,37,54,39,0,17,0,17,2409,123,413,132,1996,157,2437,183,221,199,638,139,0,17,158,77,148,78,14.58,2.58,15.2,13.68,4.88,17.14,9.07,5.27,32.24,0.952380952380952
51,590,"Danville","Virginia",43055,36.591119,-79.409867,16,2.18415274811354e-07,108,1.47755505293798e-06,51590,39729,279,8717,867,28766,61,6963,479,1598,258,2302,289,4873,508,2587,269,3303,364,1315,184,487,133,174,68,41512,NA,21421,178,41512,NA,1711,NA,18326,485,16636,482,1690,279,40344,228,107,90,212,133,391,118,543,156,368,97,387,120,204,77,0,25,8,11,18479,455,4653,423,13826,537,16060,476,1072,225,8601,467,848,195,1810,280,583,158,51.6,4.12,21.94,17.95,9.22,25.18,6.67,5.5,33.15,1.64401739856978
51,595,"Emporia","Virginia",5927,36.691841,-77.541306,4,2.93417897938916e-07,28,6.96555264897095e-06,51595,5164,96,1499,380,3631,146,1066,177,237,99,327,132,403,104,297,104,373,129,73,46,21,20,20,21,5381,NA,3910,173,5381,NA,296,205,2528,176,1939,216,589,201,5164,96,0,17,52,62,44,73,191,118,52,38,35,54,59,50,0,17,0,17,2119,182,614,140,1505,187,1939,216,94,67,1240,185,81,46,327,136,64,62,72.66,5.5,29.03,22.42,23.3,28.98,4.85,8.38,34.69,1.81605155243117
51,600,"Fairfax","Virginia",22565,38.852046,-77.302597,513,2.76433795719119e-06,2924,1.60335721355137e-05,51600,23118,180,2018,337,16325,131,2031,311,127,82,647,148,1720,254,1076,218,4979,370,3305,325,767,153,527,156,23865,NA,1544,88,23865,NA,4039,NA,13252,367,12717,401,535,142,23314,146,40,46,153,84,100,75,166,56,314,188,133,90,98,60,21,23,0,22,8553,170,226,99,8327,200,12469,395,452,213,2487,249,323,130,656,142,219,122,6.47,16.92,8.73,7.02,4.04,2.64,3.62,4.4,43.17,0.435419549116953
51,610,"Falls Church","Virginia",12332,38.883689,-77.173924,441,5.01382250953849e-06,2475,3.95689927553612e-05,51610,14033,27,377,163,9451,137,463,133,54,40,243,91,792,173,361,136,3335,325,2667,265,892,163,528,139,14067,NA,733,38,14067,NA,1501,NA,8028,293,7717,313,311,116,14025,29,9,14,5,8,0,19,57,61,15,22,8,14,45,50,0,19,0,19,5262,193,152,84,5110,198,7554,309,224,118,2019,194,83,47,410,117,77,57,5.21,10.67,2.69,1.23,3.87,2.89,2.97,0.99,25.39,0.00634344083872453
51,620,"Franklin","Virginia",8582,36.678687,-76.936518,2,1.96988942366303e-07,48,3.62135075462953e-06,51620,8095,85,1315,359,5653,207,1462,252,266,110,392,150,799,195,567,160,751,173,339,237,54,56,51,54,8211,NA,5022,87,8211,NA,90,87,4001,202,3402,269,599,155,8095,85,0,17,0,17,121,120,141,111,93,66,17,22,36,32,20,32,0,17,3526,144,748,178,2778,203,3381,271,97,65,1771,210,267,120,399,134,62,52,61.16,1.1,16.24,17.19,14.97,21.21,2.87,5.29,38.97,0.474229377261949
51,630,"Fredericksburg","Virginia",24286,38.298644,-77.4809,30,4.52369249793583e-07,374,6.17916375866617e-06,51630,25975,382,3672,714,17068,155,3473,393,491,184,949,214,2321,329,902,194,4064,479,2196,342,536,158,385,135,28469,NA,7605,321,28469,NA,3062,NA,16201,418,15332,522,869,281,28263,110,48,41,121,105,302,98,483,161,276,148,103,83,148,103,0,22,0,22,10582,314,1407,293,9175,388,14436,527,544,198,6753,403,541,167,1445,318,269,187,26.71,10.76,14.14,10.26,5.36,13.3,3.77,5.24,30.63,1.38278891023881
51,640,"Galax","Virginia",7042,36.665998,-80.918362,6,3.52412606080398e-07,56,6.43790235125807e-06,51640,6379,106,1625,379,4930,179,1414,211,226,92,375,110,581,184,315,114,365,116,124,57,70,48,50,37,6638,NA,620,248,6638,NA,1099,251,2980,213,2788,216,192,82,6379,106,21,27,69,70,0,17,89,82,99,80,137,96,6,10,0,17,0,17,2742,164,520,156,2222,217,2730,219,186,132,943,186,112,72,262,116,109,58,9.34,16.56,25.47,28.6,6.44,18.96,6.81,6.6,44.84,2.17966682235715
51,650,"Hampton","Virginia",137436,37.042681,-76.366965,162,1.24332988128547e-07,1394,9.61224073142e-07,51650,130712,528,20609,2044,90405,108,21486,1105,3999,509,6331,508,17390,909,9018,554,14641,825,7533,608,1075,236,960,229,135583,NA,71242,486,135583,NA,7599,NA,66810,990,61974,1003,4836,555,129937,458,254,148,507,235,1444,405,1587,317,1045,243,911,177,690,168,25,34,0,28,53700,650,6824,497,46876,760,63632,988,2838,644,23533,908,2350,386,5958,522,1030,234,52.54,5.6,15.77,8.82,7.24,12.71,4.46,4.97,36.92,0.925450254256848
51,660,"Harrisonburg","Virginia",48914,38.440627,-78.868871,47,8.58977918569108e-07,167,2.16525247873691e-06,51660,46011,508,12953,899,26831,74,6092,531,991,239,1193,241,2908,379,1734,333,5489,467,2789,347,437,139,932,194,53391,NA,6164,628,53391,NA,10324,NA,27108,768,25898,807,1210,205,52674,156,235,115,431,181,515,158,936,233,1098,227,373,147,104,67,35,48,0,28,16768,338,2300,381,14468,507,23705,832,786,275,10370,459,770,190,3148,312,375,144,11.55,19.34,28.15,15.9,4.46,13.72,3.32,7.08,39.2,1.12523828031018
51,670,"Hopewell","Virginia",22591,37.289087,-77.304582,33,1.57001756407639e-07,285,1.78419027485547e-06,51670,22107,125,4639,705,14820,101,4331,455,1065,232,1348,278,2208,406,1138,220,1377,283,391,157,95,75,131,79,22408,NA,9789,168,22408,NA,1705,NA,10234,391,9384,447,850,225,22051,147,49,60,108,94,112,61,330,126,190,104,284,117,195,98,0,22,0,22,9193,286,2272,315,6921,385,9305,447,331,130,4621,309,249,103,1248,257,278,123,43.69,7.61,20.98,18.46,8.31,24.71,3.56,5.75,34.47,0.615153124446805
51,678,"Lexington","Virginia",7042,37.784093,-79.442982,10,3.17593570043471e-06,42,1.15221822265559e-05,51678,3820,376,826,247,2761,291,612,167,109,73,314,140,230,104,128,95,657,210,187,84,114,73,133,77,7110,NA,477,198,7110,NA,362,221,2350,292,2251,297,99,70,6262,382,0,17,20,25,66,53,17,28,47,52,15,26,39,60,0,17,0,17,1984,236,161,81,1823,226,1544,272,47,53,934,182,53,72,261,111,165,112,6.71,5.09,21.62,10.03,4.21,8.11,3.04,3.26,40.83,0.616591928251121
51,680,"Lynchburg","Virginia",75568,37.394382,-79.188942,32,1.10509429318963e-07,252,9.02146584496659e-07,51680,69582,762,15182,1196,44472,127,9240,807,2050,261,2922,424,6101,543,3771,545,8963,523,4416,443,1126,225,959,206,80131,NA,24013,168,80131,NA,3194,NA,38571,896,36191,974,2380,402,78631,256,262,148,574,303,1070,272,691,205,474,168,395,136,149,58,17,21,0,28,28069,633,4349,462,23720,672,32672,885,1914,400,14116,641,1370,249,3458,467,1047,237,29.97,3.99,21.82,11.07,6.17,15.49,5.86,4.62,36.94,0.904707400823126
51,683,"Manassas","Virginia",37821,38.753009,-77.474795,208,7.71517076143122e-07,1125,4.30712167447914e-06,51683,41296,112,3551,968,26498,68,5967,605,1059,245,1549,261,3360,424,2144,304,4928,380,2353,307,424,150,171,89,41457,NA,6838,301,41457,NA,14863,NA,23394,573,22051,526,1343,295,41359,66,101,70,434,176,470,169,734,189,838,190,533,174,175,104,26,24,33,48,12749,210,1248,215,11501,294,21697,531,242,133,4448,347,627,208,1081,248,184,110,16.49,35.85,8.6,17.14,5.74,9.79,1.12,8.09,40.06,1.31601066256814
51,685,"Manassas Park","Virginia",14273,38.772139,-77.448892,273,1.60272006470876e-06,1737,9.87142446476383e-06,51685,16321,91,1583,584,10816,141,2259,412,305,142,411,150,1517,351,1017,280,2044,398,809,247,173,96,136,100,16423,NA,2765,331,16423,NA,6359,NA,9226,441,8645,457,581,241,16399,36,75,53,262,124,246,135,358,161,603,195,376,185,93,72,0,19,0,19,4706,118,423,162,4283,177,8492,477,201,147,1608,218,95,79,433,150,42,32,16.84,38.72,9.7,19.83,6.3,8.99,2.37,12.28,33.72,1.20760385970994
51,690,"Martinsville","Virginia",13821,36.683587,-79.86482,16,9.54617248646621e-07,84,3.64502002763657e-06,51690,12576,182,3201,492,8987,127,2124,291,682,177,714,142,1147,233,857,177,1266,190,429,114,147,65,71,46,13101,NA,6447,173,13101,NA,703,NA,5796,293,5345,313,451,151,12702,156,0,19,0,19,140,75,140,80,204,125,126,68,108,56,0,19,0,19,5630,217,1467,215,4163,281,5248,320,319,140,2347,261,227,107,575,130,227,128,49.21,5.37,25.45,17.25,7.78,26.06,6.08,5.65,37.83,2.10820027902651
51,700,"Newport News","Virginia",180719,37.089637,-76.495942,78,8.85330287971928e-08,564,7.38363072440108e-07,51700,170842,758,26457,1971,116258,122,27833,1154,5423,556,8874,661,21416,1099,11579,756,18774,872,8325,619,1450,308,1091,199,180145,NA,79664,672,180145,NA,15798,NA,87670,1188,81765,1120,5905,604,170553,712,381,156,915,217,1692,371,2878,383,2178,362,1143,210,770,214,120,92,13,21,69324,840,9965,672,59359,989,82598,1203,3878,629,35281,1013,4053,536,8650,613,1412,260,44.22,8.77,15.49,9.89,6.74,14.37,4.7,5.92,37.51,1.11573903015239
51,710,"Norfolk","Virginia",242803,36.891356,-76.262277,253,1.29252900165907e-07,1908,9.86384232586109e-07,51710,220136,1395,43383,2131,152497,120,31675,1035,7329,619,10253,676,29045,1023,12668,700,25898,850,11644,681,3008,297,2159,248,245592,NA,108549,555,245592,NA,19359,NA,114289,1610,104931,1616,9358,655,217930,1276,658,234,1339,265,2892,452,4045,488,2898,350,2392,305,1233,212,140,85,13,17,88155,867,13943,601,74212,912,110129,1576,5840,599,50126,867,4772,471,13381,723,2725,379,44.2,7.88,19.71,12.34,8.19,15.82,5.3,7.16,38.3,0.525246234779331
51,720,"Norton","Virginia",3958,36.938169,-82.624348,8,5.74199400918265e-07,93,1.27240470382438e-05,51720,3935,52,1155,272,2826,215,535,133,155,97,242,92,606,186,266,124,320,121,130,66,18,17,10,15,3990,NA,256,182,3990,NA,43,65,1786,183,1539,195,247,144,3935,52,0,12,0,12,19,19,79,68,39,41,24,29,0,12,0,12,0,12,1819,145,639,142,1180,191,1529,196,24,35,976,165,84,75,307,129,76,53,6.42,1.08,29.35,19.25,13.83,35.13,1.57,4.09,43.44,1.58770161290323
51,730,"Petersburg","Virginia",32420,37.210514,-77.396848,30,1.70546547077039e-07,273,1.80263144489453e-06,51730,31197,167,8037,878,22025,108,6341,575,1221,205,1434,275,3690,388,1179,187,2363,292,1194,230,202,82,209,94,31827,NA,24962,147,31827,NA,1522,NA,15088,486,13387,565,1701,292,30898,194,60,75,425,203,463,157,533,173,318,89,366,105,143,79,0,25,0,25,13274,322,3378,396,9896,473,13390,548,1216,308,7898,401,643,169,2460,330,447,156,78.43,4.78,25.76,19.03,11.27,25.45,9.08,7.47,41.65,2.03376944277252
51,735,"Poquoson","Virginia",12150,37.131625,-76.381322,75,6.9087654157662e-07,523,4.51343743426461e-06,51735,11983,78,536,235,8421,85,1985,250,202,71,502,124,1017,196,771,174,1836,234,1471,217,187,86,114,70,12039,NA,199,19,12039,NA,311,NA,6008,277,5690,293,318,165,11773,135,0,19,32,31,0,19,34,30,8,14,17,21,32,34,0,19,0,19,4615,86,104,52,4511,99,5875,270,71,66,766,151,141,96,92,56,64,41,1.65,2.58,4.47,3.99,5.29,2.25,1.21,1.04,33.19,0.311730926989336
51,740,"Portsmouth","Virginia",95535,36.833227,-76.35389,229,2.30424435240793e-07,1715,2.47808294669273e-06,51740,91565,611,15707,1172,63522,141,15114,861,3809,428,4603,406,13170,722,5385,485,8784,529,3568,399,652,160,514,137,95311,NA,52843,302,95311,NA,4106,NA,45600,862,41388,882,4212,478,90274,632,90,56,182,82,995,267,1517,247,698,178,884,239,712,172,0,28,0,28,36471,510,5817,468,30654,551,42146,815,2129,344,16661,589,1783,256,4224,404,1223,188,55.44,4.31,17.15,12.47,9.24,15.95,5.05,5.63,38.91,0.473412799053174
51,750,"Radford","Virginia",16408,37.128676,-80.558831,84,6.64836296043013e-07,223,1.76730786167873e-06,51750,14558,522,5230,601,7903,212,1514,381,345,148,408,132,1048,267,708,195,1647,338,957,246,105,60,383,138,17630,NA,1983,39,17630,NA,512,NA,8315,550,7822,513,493,206,17543,84,10,18,52,56,289,112,157,111,130,108,28,38,65,87,0,19,0,19,5438,289,623,225,4815,319,6894,535,269,145,2762,337,107,63,913,207,205,91,11.25,2.9,35.93,9.97,5.93,11.46,3.9,4.17,39.89,1.20508206554338
51,760,"Richmond","Virginia",204214,37.53579,-77.466976,237,2.77961012994307e-07,1758,1.3957510521221e-06,51760,213147,688,52298,2264,154419,154,27139,1210,7371,721,6696,520,21830,981,8799,548,35183,1328,16618,847,4699,417,2942,380,223787,NA,111883,372,223787,NA,14950,NA,121985,1617,112654,1602,9331,813,221071,377,488,207,1022,221,3042,421,4269,463,2885,402,2484,391,1877,331,65,65,0,28,89846,793,15107,700,74739,949,107906,1557,8633,868,51890,895,4855,544,14816,704,2598,308,50,6.68,24.54,14.99,7.65,16.81,8,7.3,39.91,0.813871660044671
51,770,"Roanoke","Virginia",97032,37.278728,-79.960131,56,1.91590857697836e-07,442,1.1939942413153e-06,51770,97694,314,20046,1608,70005,325,18717,893,4156,508,5487,635,8656,720,6151,626,10586,633,3759,398,1626,271,724,171,99621,NA,31183,366,99621,NA,6104,NA,50937,908,47450,1055,3487,437,98347,248,183,95,485,215,1581,283,1541,268,1288,225,1166,231,895,176,0,28,0,28,42037,532,8022,684,34015,784,46402,1085,3012,520,20254,736,1884,351,5132,482,718,165,31.3,6.13,20.52,14.49,6.85,19.08,6.49,7.26,35.91,1.20296236989592
51,775,"Salem","Virginia",24802,37.286115,-80.05573,56,4.68451536726594e-07,440,3.82247584822642e-06,51775,23010,376,2095,415,17082,220,3979,440,922,213,1503,261,2008,307,1934,264,3046,341,1632,276,148,72,140,71,25519,NA,2344,177,25519,NA,827,NA,12897,441,12228,467,669,172,24691,176,0,22,105,82,173,90,255,109,164,99,130,74,107,72,0,22,0,22,9881,256,698,178,9183,298,11429,419,144,67,3466,297,210,99,622,176,192,90,9.19,3.24,9.1,10.36,5.19,7.06,1.26,3.78,25.41,1.77046367429708
51,790,"Staunton","Virginia",23746,38.157796,-79.077956,24,2.88924140735678e-07,173,1.33121349908427e-06,51790,23139,222,3165,585,17576,137,4272,487,937,200,1427,283,1872,278,1215,262,3338,315,1978,249,317,105,346,122,24452,NA,3360,59,24452,NA,729,NA,12170,433,11775,445,395,115,23850,191,42,59,61,41,107,71,254,96,189,123,218,106,212,121,0,22,0,22,10520,260,878,177,9642,320,11322,451,156,90,4546,353,376,95,995,211,152,69,13.74,2.98,13.68,10.66,3.25,8.35,1.38,4.54,31.2,1.10745526041249
51,800,"Suffolk","Virginia",84585,36.776711,-76.556872,38,3.37761834341418e-08,468,6.21484548340217e-07,51800,88293,324,9520,1112,60201,116,14154,686,2762,349,4330,311,10054,625,5239,406,9960,607,5428,465,1014,169,524,116,89160,NA,39236,222,89160,NA,3764,NA,44729,843,41944,867,2785,416,86899,388,119,68,228,82,553,159,811,222,652,177,367,129,418,127,12,18,0,28,33198,360,4410,375,28788,454,42803,835,1054,258,10197,591,1043,210,2394,359,640,187,44.01,4.22,10.78,11.19,6.23,13.28,2.46,3.64,35.96,0.504468936776882
51,810,"Virginia Beach","Virginia",437994,36.821554,-76.099445,218,6.68126351862989e-08,1606,4.02152947437232e-07,51810,438973,1133,33485,2049,305356,118,54286,1425,11052,687,24233,1089,55486,1576,32005,1196,68906,1677,28960,1010,6307,500,3261,398,450135,NA,98081,585,450135,NA,36043,NA,231348,1737,220127,1640,11221,869,424700,1360,820,219,1603,319,3699,472,5572,544,2818,475,2570,356,1556,274,58,51,59,48,169290,882,11680,776,157610,1152,231460,1688,3897,678,60804,1338,5908,561,12207,889,2067,306,21.79,8.01,7.63,6.83,4.85,6.9,1.68,4.42,30.84,0.520448078473708
51,820,"Waynesboro","Virginia",21006,38.072013,-78.896755,29,2.39902634578119e-07,194,2.07920333049677e-06,51820,21633,186,3766,778,15167,188,4024,519,949,201,1212,254,2160,356,1005,233,2145,352,1166,269,226,142,249,121,21926,NA,3500,243,21926,NA,1674,NA,10776,425,10293,460,483,165,21789,107,74,65,249,142,222,132,366,190,272,146,232,151,190,136,0,22,0,22,9144,270,1630,308,7514,336,10198,470,343,176,3785,359,360,151,983,267,331,153,15.96,7.63,17.41,13.39,4.48,17.83,3.36,7.37,38.88,0.901537917624182
51,830,"Williamsburg","Virginia",14068,37.275866,-76.713075,45,1.3668864140608e-06,279,4.07974800706412e-06,51830,10537,334,2356,381,7283,129,1014,204,390,177,398,129,672,147,365,94,1953,225,1359,171,407,88,408,111,14788,NA,2227,173,14788,NA,1044,NA,6515,297,6027,284,488,152,14574,120,0,19,31,44,21,22,59,45,124,94,40,32,122,78,0,19,0,19,4670,206,290,105,4380,227,4965,270,281,138,2369,216,239,106,678,142,157,92,15.06,7.06,22.36,4.35,7.49,6.21,5.66,2.72,41.46,1.02040816326531
51,840,"Winchester","Virginia",26203,39.175174,-78.170343,20,3.09748088559833e-07,189,4.32397997012786e-06,51840,26745,219,4004,907,18402,191,3613,415,994,233,916,242,2234,342,1298,262,3492,407,1832,279,615,183,302,131,27789,NA,3647,126,27789,NA,4842,NA,14253,520,13718,522,535,163,27573,122,96,105,150,84,277,147,395,159,624,164,451,245,211,123,0,22,0,22,10554,292,1075,223,9479,322,13028,540,620,263,5604,375,744,209,1113,279,160,102,13.12,17.42,14.97,16.88,3.75,10.19,4.76,7.99,34.11,1.25231250889427
