"STATEFP.x","COUNTYFP","COUNAME","STNAME","POPULATION","CENTER.LATITUDE","CENTER.LONGITUDE","ED_COUNT_15mile","ED_INVERSE_DIST_15mile","HEALTH_COUNT_15mile","HEALTH_INVERSE_DIST_15mile","GEOID","LSAD","tot_pov_sts_12mths_age_B17020_E","tot_pov_sts_12mths_age_B17020_M","tot_income_12mths_blw_pov_lvl_B17020_E","tot_income_12mths_blw_pov_lvl_B17020_M","tot_edu_attain_25yrs_and_up_B15003_E","tot_edu_attain_25yrs_and_up_B15003_M","tot_edu_attain_25yrs_and_up_HS_diploma_B15003_E","tot_edu_attain_25yrs_and_up_HS_diploma_B15003_M","tot_edu_attain_25yrs_and_up_GED_B15003_E","tot_edu_attain_25yrs_and_up_GED_B15003_M","tot_edu_attain_25yrs_and_up_somecollege_freshman_B15003_E","tot_edu_attain_25yrs_and_up_somecollege_freshman_B15003_M","tot_edu_attain_25yrs_and_up_somecollege_abovefreshman_B15003_E","tot_edu_attain_25yrs_and_up_somecollege_abovefreshman_B15003_M","tot_edu_attain_25yrs_and_up_assoc_B15003_E","tot_edu_attain_25yrs_and_up_assoc_B15003_M","tot_edu_attain_25yrs_and_up_bach_B15003_E","tot_edu_attain_25yrs_and_up_bach_B15003_M","tot_edu_attain_25yrs_and_up_masters_B15003_E","tot_edu_attain_25yrs_and_up_masters_B15003_M","tot_edu_attain_25yrs_and_up_prof_degree_B15003_E","tot_edu_attain_25yrs_and_up_prof_degree_B15003_M","tot_edu_attain_25yrs_and_up_doctorate_B15003_E","tot_edu_attain_25yrs_and_up_doctorate_B15003_M","tot_race_known_E","tot_race_known_M","tot_race_black_african_american_alone_combination_E","tot_race_black_african_american_alone_combination_M","tot_hisp_latino_origin_known_E","tot_hisp_latino_origin_known_M","tot_hisp_latino_origin_E","tot_hisp_latino_origin_M","per_black","per_hisp","per_poverty","per_hs_diploma","perw_adv_degree","arrest_perc"
51,1,"Accomack","Virginia",33164,37.784132,-75.641008,1,1.61039354267006e-09,24,1.55143720451086e-07,51001,"06",32396,128,6438,898,23595,251,7964,606,1191,277,1435,254,2483,373,1727,292,2619,304,1247,236,243,86,267,91,32742,NA,9767,72,32742,NA,2934,NA,29.83,8.96,19.87,33.75,25.87,0.422682956929532
51,3,"Albemarle","Virginia",98970,38.05016,-78.516763,133,6.87684830947119e-07,700,2.63183836647073e-06,51003,"06",98891,1145,9675,1239,71888,51,10072,879,1841,310,2887,350,8392,629,4009,427,19727,724,11154,653,3675,471,3931,387,106355,NA,11360,119,106355,NA,6168,NA,10.68,5.8,9.78,14.01,59.11,0.319174377747935
51,5,"Alleghany","Virginia",16250,37.800535,-79.929401,6,7.19881662070196e-08,46,5.43010886927801e-07,51005,"06",14940,157,3023,376,11276,66,3844,288,663,110,903,153,1387,213,1117,147,1172,215,411,122,60,44,93,54,15286,NA,1034,89,15286,NA,218,NA,6.76,1.43,20.23,34.09,25.3,1.18041582830315
51,7,"Amelia","Virginia",12690,37.341681,-77.977011,4,2.47956565636535e-08,25,1.25882036265507e-06,51007,"06",12761,74,1707,429,9030,209,2876,331,660,228,545,162,1320,259,706,249,873,210,315,129,200,108,48,44,12854,NA,2960,197,12854,NA,383,NA,23.03,2.98,13.38,31.85,23.72,0.3996003996004
51,9,"Amherst","Virginia",32353,37.519237,-79.102718,32,7.55861078180059e-08,244,5.32735187828151e-07,51009,"06",31043,175,4330,684,22594,209,6649,526,1413,267,1588,252,3039,369,2215,347,2920,321,1218,256,67,49,137,65,31882,NA,6487,61,31882,NA,774,NA,20.35,2.43,13.95,29.43,29.02,0.413692919850944
51,11,"Appomattox","Virginia",14973,37.359958,-78.833953,1,3.91388060058027e-09,8,5.05889540236435e-07,51011,"06",15487,86,2096,434,11089,117,3135,343,689,162,835,169,1477,261,1003,177,1320,232,744,153,22,26,106,68,15577,NA,3239,68,15577,NA,228,NA,20.79,1.46,13.53,28.27,28.81,0.353513035793195
51,13,"Arlington","Virginia",207627,38.8749,-77.10082,394,3.25545824908352e-07,2121,1.65526748978142e-06,51013,"06",228785,676,16360,1355,172489,90,12183,790,1844,374,3207,349,10557,767,5830,629,60173,1590,46334,1191,14024,732,8079,681,231803,NA,23147,416,231803,NA,36180,NA,9.99,15.61,7.15,7.06,77.94,0.422278451168528
51,15,"Augusta","Virginia",73750,38.12803,-79.032141,24,4.99116542614328e-08,176,5.78598814451199e-07,51015,"06",70880,650,6532,980,54368,189,17404,646,3353,440,3846,425,6093,454,4033,488,8209,654,3425,401,657,170,505,148,74701,NA,3994,236,74701,NA,1970,NA,5.35,2.64,9.22,32.01,30.95,0.515525398571372
51,17,"Bath","Virginia",4731,38.017866,-79.764614,2,1.89683686007244e-08,9,2.63742465034936e-07,51017,"06",4304,91,486,209,3380,248,1144,273,251,107,364,130,514,180,169,172,387,154,104,68,0,12,13,27,4393,NA,106,89,4393,NA,165,139,2.41,3.76,11.29,33.85,19.91,0.908667287977633
51,19,"Bedford","Virginia",68676,37.314607,-79.497893,7,9.83329778580025e-09,87,1.35801179242311e-07,51019,"06",77293,193,7046,897,56369,165,14620,773,3045,370,4027,392,7719,523,4956,463,9901,722,4631,433,713,171,1022,263,77908,NA,6025,93,77908,NA,1646,NA,7.73,2.11,9.12,25.94,37.65,0.391126011149631
51,21,"Bland","Virginia",6824,37.150725,-81.089354,9,6.38377407749802e-08,84,6.4536950581936e-07,51021,"06",5707,204,481,190,4968,15,1515,187,465,126,419,108,756,183,527,141,642,156,130,52,84,63,9,14,6447,NA,161,57,6447,NA,48,NA,2.5,0.74,8.43,30.5,28.02,0.397266804385826
51,23,"Botetourt","Virginia",33148,37.448222,-79.851418,40,6.64044808659046e-08,241,3.79456700013583e-07,51023,"06",32842,153,2629,522,24252,76,6732,505,1097,200,1739,279,3209,331,2726,374,4313,380,2012,319,323,117,317,108,33222,NA,1327,75,33222,NA,547,NA,3.99,1.65,8,27.76,39.96,1.30420410493734
51,25,"Brunswick","Virginia",17434,36.756799,-77.86074,4,3.69157175617687e-08,21,2.39855073631671e-07,51025,"06",14390,168,3082,511,12264,98,3452,348,1148,145,957,199,1674,265,702,161,1089,222,532,146,93,72,42,29,16665,NA,9385,134,16665,NA,364,NA,56.32,2.18,21.42,28.15,20.04,0.37841796875
51,27,"Buchanan","Virginia",24098,37.264125,-82.058814,2,1.71134637228428e-08,28,3.14761847671449e-07,51027,"06",21182,168,5859,668,16652,86,4666,416,1351,235,847,206,2057,259,1025,190,1108,225,565,140,60,41,27,29,22138,NA,664,126,22138,NA,96,51,3,0.43,27.66,28.02,16.72,0.961311908015645
51,29,"Buckingham","Virginia",17146,37.582102,-78.483454,2,7.92763068343441e-09,9,1.12414044032582e-07,51029,"06",14839,212,2542,487,12549,46,4098,382,1401,245,750,186,1360,204,755,156,884,156,398,143,77,56,58,37,17004,NA,6087,103,17004,NA,408,NA,35.8,2.4,17.13,32.66,17.31,0.347079239955291
51,31,"Campbell","Virginia",54842,37.25795,-79.165807,30,3.89054900320084e-08,250,2.98310042336184e-07,51031,"06",54494,194,6414,724,39725,63,9575,676,2953,367,3356,407,6152,595,3173,355,5941,613,2466,337,290,114,249,95,55170,NA,8674,57,55170,NA,1298,NA,15.72,2.35,11.77,24.1,30.51,0.249213250140978
51,33,"Caroline","Virginia",28545,38.008601,-77.433166,2,3.18581490438065e-09,29,7.50314140854275e-08,51033,"06",27904,1006,2307,529,20492,262,6766,534,909,215,1543,293,2748,459,1466,296,2966,439,975,230,40,29,132,69,30184,NA,8962,207,30184,NA,1381,NA,29.69,4.58,8.27,33.02,27.23,0.945664890159886
51,35,"Carroll","Virginia",30042,36.712893,-80.763589,5,1.23773175631275e-08,60,1.77644172432393e-07,51035,"06",29448,186,4429,769,22142,71,6755,542,1278,250,1747,395,2828,394,2374,338,2177,345,561,192,50,45,119,72,29738,NA,469,159,29738,NA,996,NA,1.58,3.35,15.04,30.51,23.85,1.11351059522203
51,36,"Charles City","Virginia",7256,37.381884,-77.102373,8,6.07413512997569e-08,70,5.30587644143584e-07,51036,"06",6960,21,910,185,5422,10,1875,156,224,43,440,76,658,86,343,67,455,78,176,43,54,26,35,19,6995,NA,3402,24,6995,NA,129,NA,48.63,1.84,13.07,34.58,19.61,0.302550064832157
51,37,"Charlotte","Virginia",12586,37.017568,-78.630844,2,1.39054100812399e-08,6,5.04821428763443e-08,51037,"06",11873,105,2859,518,8496,77,3192,299,513,158,686,164,984,181,885,180,612,157,229,77,15,11,14,19,12095,NA,3593,38,12095,NA,243,NA,29.71,2.01,24.08,37.57,20.66,0.494220137376445
51,41,"Chesterfield","Virginia",316236,37.418224,-77.550555,213,4.436023303174e-08,1548,3.35850174618821e-07,51041,"06",335404,443,23815,1812,227148,84,45362,1495,7763,673,13994,763,32919,1193,18536,974,56635,1322,25736,1049,4423,459,3735,445,339447,NA,83725,554,339447,NA,28910,NA,24.67,8.52,7.1,19.97,48.01,0.798436979997475
51,43,"Clarke","Virginia",14034,39.129687,-77.988093,23,1.23703844855284e-07,199,9.12188549192774e-07,51043,"06",14134,108,1410,413,10203,123,2527,264,426,125,642,156,1294,246,877,182,1669,260,1138,208,260,93,214,97,14365,NA,907,63,14365,NA,748,NA,6.31,5.21,9.98,24.77,40.75,0.364938373614267
51,45,"Craig","Virginia",5190,37.476038,-80.174522,11,1.03308558966465e-07,49,4.59583297847473e-07,51045,"06",5096,31,435,179,3912,184,1439,274,247,124,373,154,395,144,443,201,551,241,108,86,21,35,42,49,5113,NA,17,25,5113,NA,2,4,0.33,0.04,8.54,36.78,29.78,0.256714060031596
51,47,"Culpeper","Virginia",46689,38.500155,-77.997848,5,2.33852283981826e-08,58,3.02262690850264e-07,51047,"06",48744,322,3986,742,33695,151,8262,502,1910,290,2468,261,5086,497,2666,381,5113,453,2468,370,464,131,287,139,50450,NA,8461,219,50450,NA,5180,NA,16.77,10.27,8.18,24.52,32.64,1.14734183073333
51,49,"Cumberland","Virginia",10052,37.483249,-78.257306,7,7.85716459292789e-08,49,3.16973987732406e-07,51049,"06",9709,61,1880,519,6963,121,2205,339,228,97,600,167,876,223,516,164,658,213,460,125,23,20,75,58,9786,NA,3396,147,9786,NA,27,35,34.7,0.28,19.36,31.67,24.87,0.387399327148537
51,51,"Dickenson","Virginia",15903,37.142003,-82.379283,2,1.48413359284832e-08,24,1.8108991749192e-07,51051,"06",14477,165,3512,515,10948,67,3244,299,822,153,851,180,1288,227,972,177,696,172,308,84,51,34,36,34,14960,NA,116,13,14960,NA,133,NA,0.78,0.89,24.26,29.63,18.84,0.240997039179233
51,53,"Dinwiddie","Virginia",28001,37.135094,-77.560538,20,4.21438912622236e-08,173,3.52955012592709e-07,51053,"06",27677,219,3542,753,20176,180,6198,582,1353,279,1508,275,2525,462,1823,332,2234,342,1086,288,76,55,72,74,28308,NA,9417,212,28308,NA,956,NA,33.27,3.38,12.8,30.72,26.22,0.329489291598023
51,57,"Essex","Virginia",11151,37.911272,-76.90549,4,2.10171379802929e-08,46,8.73954651252712e-06,51057,"06",10959,23,1500,346,7815,117,2536,261,409,120,533,146,1308,241,392,116,941,177,274,94,36,38,40,34,11036,NA,4410,129,11036,NA,390,NA,39.96,3.53,13.69,32.45,21.54,0.311383826357725
51,59,"Fairfax","Virginia",1081726,38.843734,-77.258936,498,5.01392845449438e-08,2911,2.93171164944001e-07,51059,"06",1133591,856,69895,3526,777876,115,90459,2505,9208,646,28073,1088,71441,1846,42205,1308,240151,2897,172742,2421,36626,1414,25793,1007,1143529,NA,127259,1256,1143529,NA,185551,NA,11.13,16.23,6.17,11.63,66.53,0.61609582940489
51,61,"Fauquier","Virginia",65203,38.696041,-77.777194,26,5.82695446096161e-08,193,4.21534876740385e-07,51061,"06",68696,167,4177,759,47526,129,10664,629,2052,339,3421,352,6617,450,4008,425,10761,613,4791,409,892,188,622,144,69115,NA,6399,171,69115,NA,5498,NA,9.26,7.95,6.08,22.44,44.34,0.567385921471525
51,63,"Floyd","Virginia",15279,36.944158,-80.342686,3,1.20571224924246e-08,70,2.69300327837771e-07,51063,"06",15570,94,1780,488,11510,108,3357,346,495,154,593,135,1723,316,1114,238,1521,259,796,191,117,65,128,79,15666,NA,353,151,15666,NA,464,NA,2.25,2.96,11.43,29.17,31.94,0.221589110477999
51,65,"Fluvanna","Virginia",25691,37.888175,-78.301879,60,1.1984423796563e-07,509,9.59866886543621e-07,51065,"06",24992,121,1221,338,19122,197,3638,392,972,206,1617,260,3023,457,1561,256,3637,452,2246,336,300,124,414,179,26282,NA,4277,58,26282,NA,880,NA,16.27,3.35,4.89,19.03,42.66,0.209087854235896
51,67,"Franklin","Virginia",56159,37.016004,-79.861232,4,1.36951668821972e-08,40,1.23717446266917e-07,51067,"06",54475,267,8940,1184,40771,184,11374,767,2829,411,3315,466,5608,621,3962,379,5082,503,2506,375,477,150,307,117,56233,NA,5026,138,56233,NA,1548,NA,8.94,2.75,16.41,27.9,30.25,1.6709671678975
51,69,"Frederick","Virginia",78305,39.168677,-78.193089,20,6.66011670787959e-08,191,1.02567510003385e-06,51069,"06",83666,333,5225,797,58549,140,15633,728,3456,486,4120,438,7168,590,5086,454,9665,621,4847,438,980,263,940,196,85153,NA,4653,140,85153,NA,7003,NA,5.46,8.22,6.25,26.7,36.75,0.734536811725426
51,71,"Giles","Virginia",17286,37.317609,-80.71689,4,9.97804880775951e-09,29,7.87974729209719e-07,51071,"06",16519,175,1872,333,12135,80,3833,310,713,221,882,167,2087,328,980,167,1360,210,553,126,156,71,139,63,16814,NA,439,112,16814,NA,285,NA,2.61,1.7,11.33,31.59,26.27,0.837093327000712
51,73,"Gloucester","Virginia",36858,37.377825,-76.530947,41,7.18987320632098e-08,212,6.04319455637672e-07,51073,"06",36884,101,3125,678,26934,149,7901,555,1041,217,1920,302,4465,425,2517,341,3599,393,1997,340,304,124,252,113,37161,NA,3510,101,37161,NA,1287,NA,9.45,3.46,8.47,29.33,32.19,0.508715092773568
51,75,"Goochland","Virginia",21717,37.703091,-77.85186,19,4.6920067935315e-08,119,3.38870161254212e-07,51075,"06",21302,247,1136,338,16837,120,3426,302,898,201,1034,227,2001,253,1345,226,4222,367,1449,230,574,148,353,117,22482,NA,3869,121,22482,NA,611,NA,17.21,2.72,5.33,20.35,47.18,0.344174840819136
51,77,"Grayson","Virginia",15533,36.648239,-81.1193,6,4.39541022700172e-08,46,2.35872945592504e-07,51077,"06",14965,601,3085,546,11981,65,3866,367,879,316,941,163,1451,204,1204,215,1130,215,274,84,36,22,55,39,15811,NA,959,144,15811,NA,514,NA,6.07,3.25,20.61,32.27,22.53,0.658946964365684
51,79,"Greene","Virginia",18403,38.254353,-78.422182,25,7.07831095416079e-08,106,3.6406580041777e-07,51079,"06",19289,90,1151,319,13495,86,3653,409,492,145,987,202,1887,314,897,204,1971,305,1390,300,159,72,225,105,19410,NA,1576,159,19410,NA,1141,NA,8.12,5.88,5.97,27.07,34.4,0.556145406744527
51,81,"Greensville","Virginia",12243,36.721194,-77.537371,4,1.29210743738134e-07,28,7.58657735835938e-07,51081,"06",8444,236,1407,372,8821,119,2406,284,1219,182,796,209,991,166,503,114,509,140,199,72,57,38,28,29,11659,NA,7130,62,11659,NA,267,NA,61.15,2.29,16.66,27.28,14.69,0.524640921991915
51,83,"Halifax","Virginia",36241,36.75003,-78.927107,8,5.17198068013002e-08,46,3.10580388027953e-07,51083,"06",34049,156,5145,903,24981,46,7650,492,1585,301,1681,249,3402,400,2176,269,2543,304,1152,222,210,104,68,42,34779,NA,13062,161,34779,NA,703,NA,37.56,2.02,15.11,30.62,24.61,0.662368112543963
51,85,"Hanover","Virginia",99863,37.687345,-77.420161,205,1.75912412326439e-07,1435,1.15783311674674e-06,51085,"06",102635,265,5725,807,71859,94,16025,788,2341,313,4697,434,9920,609,5735,548,18675,787,7017,516,1423,216,1043,192,104449,NA,10513,133,104449,NA,3058,NA,10.07,2.93,5.58,22.3,47.17,1.40340734247802
51,87,"Henrico","Virginia",306935,37.60276,-77.495683,235,1.09912612789881e-07,1701,8.77674722237262e-07,51087,"06",322653,436,32209,2269,224714,53,41215,1484,7621,701,12626,751,31890,1325,15668,1119,59255,1536,26889,1103,6471,559,3876,386,325642,NA,101166,292,325642,NA,17959,NA,31.07,5.51,9.98,18.34,49.91,1.61270238503801
51,89,"Henry","Virginia",54151,36.690407,-79.903132,16,8.95911388731608e-08,84,3.77985830260357e-07,51089,"06",50886,179,10347,1086,37847,150,10110,590,2857,374,2774,327,4999,465,4253,421,3149,377,1280,226,141,69,269,124,51588,NA,12384,250,51588,NA,2740,NA,24.01,5.31,20.33,26.71,24.02,0.302239318587718
51,91,"Highland","Virginia",2321,38.386074,-79.568796,0,0,3,3.1705207864218e-07,51091,"06",2184,29,268,104,1869,70,593,111,75,46,192,73,245,76,88,48,252,77,140,49,23,19,16,14,2214,NA,0,12,2214,NA,0,12,0,0,12.27,31.73,27.77,0.0452488687782805
51,93,"Isle of Wight","Virginia",35270,36.921892,-76.655375,32,5.12553638847756e-08,385,5.86229491657566e-07,51093,"06",36014,171,3604,657,26162,123,5930,424,1130,215,1901,277,3922,343,2632,298,4232,383,2245,277,628,178,260,89,36372,NA,8736,94,36372,NA,1075,NA,24.02,2.96,10.01,22.67,38.21,0.522285064812058
51,95,"James City","Virginia",67009,37.294786,-76.757657,43,1.06377617749641e-07,214,5.99611063261643e-07,51095,"06",73195,254,5695,1042,53559,307,8995,699,996,245,3151,385,6800,709,4379,512,14465,773,8895,563,1649,356,1555,261,74153,NA,10772,213,74153,NA,4138,NA,14.53,5.58,7.78,16.79,57.77,0.362579682448264
51,97,"King and Queen","Virginia",6945,37.699158,-76.89237,4,3.2669495925304e-08,47,3.32421617560905e-07,51097,"06",7042,22,1165,356,5193,130,1900,254,155,97,282,111,711,171,392,131,671,178,312,132,0,17,44,35,7052,NA,1945,194,7052,NA,223,NA,27.58,3.16,16.54,36.59,27.33,0.880431695541039
51,99,"King George","Virginia",23584,38.291254,-77.162858,2,5.28629975376802e-09,17,1.02827993390059e-07,51099,"06",25647,104,1452,478,17084,124,3981,393,802,231,1271,262,2539,343,1467,240,3729,354,1933,276,92,86,161,60,25890,NA,4808,127,25890,NA,1282,NA,18.57,4.95,5.66,23.3,43.21,0.602069614299153
51,101,"King William","Virginia",15935,37.702616,-77.05673,3,3.25571882120158e-08,19,1.47110083534407e-07,51101,"06",16421,84,1655,541,11398,79,3608,343,505,155,802,229,1829,310,1165,200,1650,226,534,168,97,52,48,62,16497,NA,3116,152,16497,NA,257,169,18.89,1.56,10.08,31.65,30.65,0.153491941673062
51,103,"Lancaster","Virginia",11391,37.70389,-76.437123,5,2.60532064291022e-08,57,6.94443005774559e-07,51103,"06",10713,55,983,258,8573,136,2330,272,273,81,636,159,1198,225,537,122,1384,191,691,128,414,125,158,75,10804,NA,3342,65,10804,NA,47,62,30.93,0.44,9.18,27.18,37.14,0.333858851896504
51,105,"Lee","Virginia",25587,36.715746,-83.103165,2,2.05712932175775e-08,15,1.11229974444194e-07,51105,"06",22591,410,5414,662,17974,221,4693,368,1393,278,1411,226,2785,326,1281,244,1477,223,347,113,85,62,132,95,24134,NA,1070,211,24134,NA,455,NA,4.43,1.89,23.97,26.11,18.48,2.06873114990867
51,107,"Loudoun","Virginia",312311,39.047874,-77.510676,141,4.82332083367701e-08,945,3.55286704038048e-07,51107,"06",383171,346,14223,1424,246287,33,27020,1154,3469,454,10050,634,25066,984,14987,748,86622,1624,51610,1180,6388,613,5100,476,385143,NA,35293,778,385143,NA,52119,NA,9.16,13.53,3.71,10.97,66.88,0.314858055794519
51,109,"Louisa","Virginia",33153,37.979376,-77.965373,1,1.36796786768966e-09,14,4.08132732246626e-08,51109,"06",35085,197,4325,705,25700,96,7272,554,1442,260,2144,343,2842,430,1904,276,3767,436,1567,262,369,154,323,123,35380,NA,6240,48,35380,NA,986,NA,17.64,2.79,12.33,28.3,30.86,0.372505302082767
51,111,"Lunenburg","Virginia",12914,36.970055,-78.21653,2,1.16776407662197e-08,20,2.17055267833658e-07,51111,"06",11309,131,2022,473,9030,147,2635,307,956,170,595,127,1278,213,590,156,709,150,215,79,11,13,18,18,12278,NA,3922,353,12278,NA,549,NA,31.94,4.47,17.88,29.18,17.09,0.612278669534999
51,113,"Madison","Virginia",13308,38.378917,-78.23516,5,4.27393444437552e-08,69,3.87065746069819e-07,51113,"06",12940,103,1070,359,9461,112,2891,345,507,155,659,193,1286,284,603,193,1457,266,625,170,113,67,90,78,13139,NA,1442,114,13139,NA,352,NA,10.97,2.68,8.27,30.56,30.53,0.549078600977811
51,115,"Mathews","Virginia",8978,37.444144,-76.342952,5,2.81484177014374e-08,58,5.09040913159786e-07,51115,"06",8713,60,942,452,6846,200,1992,392,197,128,459,207,1203,395,437,163,1221,298,464,190,164,115,66,57,8796,NA,926,215,8796,NA,79,105,10.53,0.9,10.81,29.1,34.36,0.27266530334015
51,117,"Mecklenburg","Virginia",32727,36.691889,-78.320815,1,1.74783896543398e-09,35,7.43482397776164e-08,51117,"06",29797,223,5633,688,22774,44,5854,500,1392,241,1554,219,3527,398,1848,282,2860,308,1076,220,140,71,104,69,30847,NA,11246,82,30847,NA,888,NA,36.46,2.88,18.9,25.7,26.47,0.66231647634584
51,119,"Middlesex","Virginia",10959,37.601651,-76.504547,6,1.7295411798423e-07,81,7.06900793790623e-07,51119,"06",10353,94,874,194,8239,119,2325,298,330,88,764,162,1184,200,685,152,1104,179,497,113,127,59,69,41,10700,NA,1865,371,10700,NA,79,70,17.43,0.74,8.44,28.22,30.13,0.0835732194261306
51,121,"Montgomery","Virginia",94392,37.189631,-80.412336,82,2.58000823102642e-07,189,1.97657441760497e-06,51121,"06",88706,588,21533,1273,55516,152,10194,812,2158,332,2894,359,6851,672,3844,497,12275,665,7663,624,1502,303,3974,420,97997,NA,4967,153,97997,NA,3110,NA,5.07,3.17,24.27,18.36,52.7,0.738495731676517
51,125,"Nelson","Virginia",15020,37.810028,-78.871691,3,2.4911104212208e-08,10,8.50990108226913e-08,51125,"06",14670,100,1812,472,11212,91,2964,323,565,166,633,182,1190,254,650,156,1918,299,1197,243,280,123,201,121,14812,NA,1993,81,14812,NA,607,NA,13.46,4.1,12.35,26.44,37.87,0.296575896468051
51,127,"New Kent","Virginia",18429,37.497253,-77.037031,6,3.85664958069296e-08,19,9.33883736383216e-08,51127,"06",20482,144,992,329,15203,181,4177,458,846,211,1328,242,2302,310,1135,212,2673,339,1316,267,45,37,282,128,21103,NA,2996,9,21103,NA,665,NA,14.2,3.15,4.84,27.47,35.85,0.607386896520924
51,131,"Northampton","Virginia",12389,37.389508,-75.917594,1,3.46647930546159e-09,47,3.15539085370314e-07,51131,"06",11631,97,2216,348,8757,106,2765,255,379,111,388,109,1205,197,573,137,1180,167,488,106,101,36,119,53,11957,NA,4242,87,11957,NA,1037,NA,35.48,8.67,19.05,31.57,28.1,0.289731572219855
51,133,"Northumberland","Virginia",12330,37.890865,-76.414247,3,2.29809862211037e-08,43,2.87599859223786e-07,51133,"06",12210,21,1700,471,9807,171,2637,335,539,173,577,143,1547,266,793,204,1704,268,842,169,101,57,147,92,12223,NA,3503,139,12223,NA,91,70,28.66,0.74,13.92,26.89,36.58,0.856178480283198
51,135,"Nottoway","Virginia",15853,37.144866,-78.075207,8,3.60934956027206e-08,30,1.86376755307857e-07,51135,"06",13938,247,2814,561,11006,105,3278,405,898,184,710,141,1610,293,710,173,929,200,413,152,45,35,14,14,15500,NA,6398,97,15500,NA,657,NA,41.28,4.24,20.19,29.78,19.18,0.583657587548638
51,137,"Orange","Virginia",33481,38.267152,-77.966785,7,1.07178049696267e-08,68,1.06308962301786e-07,51137,"06",34749,313,2984,673,25025,152,7416,609,1310,319,1942,364,3636,445,1747,296,3666,468,1923,322,373,135,108,60,35612,NA,5172,129,35612,NA,1695,NA,14.52,4.76,8.59,29.63,31.24,0.283811810937671
51,139,"Page","Virginia",24042,38.604441,-78.500392,3,9.52875638725119e-09,32,1.53289736880093e-07,51139,"06",23506,113,4303,779,17307,73,6142,430,1517,249,1301,254,1874,347,842,195,1566,247,701,175,86,51,55,33,23749,NA,598,134,23749,NA,464,NA,2.52,1.95,18.31,35.49,18.78,1.07800944302845
51,141,"Patrick","Virginia",18490,36.655724,-80.282113,1,2.02373153201015e-08,15,1.24228344090033e-07,51141,"06",17491,146,3264,568,13540,73,3621,323,1104,275,974,213,1834,304,1333,235,1143,209,559,130,86,54,92,66,17859,NA,1064,71,17859,NA,527,NA,5.96,2.95,18.66,26.74,23.73,0.237650653539297
51,143,"Pittsylvania","Virginia",63506,36.772086,-79.409643,16,2.7429485859922e-08,116,1.05293428236879e-07,51143,"06",60558,194,9457,1129,45213,112,12694,685,3259,347,3792,504,6927,533,4121,365,4169,384,1793,247,210,88,127,71,61676,NA,13767,88,61676,NA,1591,NA,22.32,2.58,15.62,28.08,23.05,0.224778093159855
51,145,"Powhatan","Virginia",28046,37.546342,-77.872664,23,4.39318264777157e-08,200,4.79982739800576e-07,51145,"06",25870,285,1383,421,21108,124,4740,462,1659,260,1432,251,3438,421,1695,328,4351,498,1458,309,199,84,77,56,28574,NA,3318,101,28574,NA,608,NA,11.61,2.13,5.35,22.46,36.86,0.370002398163692
51,147,"Prince Edward","Virginia",23368,37.259323,-78.423416,11,9.49356042252969e-08,63,5.01219146712514e-07,51147,"06",18017,638,3577,720,12866,168,3295,351,912,263,1211,210,1423,264,690,179,1804,290,1277,308,232,106,307,116,22956,NA,7555,439,22956,NA,880,385,32.91,3.83,19.85,25.61,33.5,0.675381263616558
51,149,"Prince George","Virginia",35725,37.215406,-77.293227,29,7.94001123325442e-08,255,7.3778884892405e-07,51149,"06",33926,428,3142,722,26310,173,6341,542,2240,339,2047,272,4258,364,2468,343,4279,476,1590,259,285,115,160,85,37894,NA,13279,249,37894,NA,2979,NA,35.04,7.86,9.26,24.1,33.38,0.71687411375453
51,153,"Prince William","Virginia",402002,38.691636,-77.409683,194,3.18458327164278e-08,1153,1.86351684916343e-07,51153,"06",451060,670,30520,2406,291144,95,53499,1588,6779,522,17413,827,40249,1450,22953,1037,69487,1358,38993,1292,4792,505,3554,329,456749,NA,107597,1025,456749,NA,105050,NA,23.56,23,6.77,18.38,48.01,0.810878376790289
51,155,"Pulaski","Virginia",34872,37.081529,-80.705779,12,6.36382978889251e-08,83,4.04590976478766e-07,51155,"06",33081,220,4446,662,25549,138,6863,447,1485,251,1965,279,3561,381,3186,325,3192,393,1351,215,189,93,237,118,34234,NA,2068,16,34234,NA,584,NA,6.04,1.71,13.44,26.86,31.92,0.604708507015793
51,157,"Rappahannock","Virginia",7373,38.692393,-78.124495,0,0,12,2.38627815615327e-07,51157,"06",7285,57,650,187,5512,64,1250,206,333,109,298,99,832,181,377,131,1050,175,514,149,139,76,110,48,7332,NA,412,89,7332,NA,263,NA,5.62,3.59,8.92,22.68,39.73,0.896304467733039
51,159,"Richmond","Virginia",9254,37.94866,-76.715071,5,8.24887969488692e-08,44,4.42661656082355e-07,51159,"06",7195,245,1023,464,6697,206,1928,276,672,147,449,139,909,210,511,159,665,156,330,148,24,33,30,31,8878,NA,2807,60,8878,NA,603,NA,31.62,6.79,14.22,28.79,23.29,0.387253817216198
51,161,"Roanoke","Virginia",92376,37.271414,-79.989575,56,1.2997319778883e-07,441,1.07826831432217e-06,51161,"06",91235,318,6754,857,67172,199,14876,753,2254,279,4842,437,8890,630,7712,598,15109,673,5160,552,1973,325,1119,249,93583,NA,6241,85,93583,NA,2731,NA,6.67,2.92,7.4,22.15,46.26,0.919498687189736
51,163,"Rockbridge","Virginia",22307,37.786365,-79.428059,10,2.37014660233515e-07,43,1.19602438733395e-06,51163,"06",22276,114,3075,697,16927,118,4529,470,1144,204,1009,226,2236,327,1236,255,2575,348,1126,253,563,188,219,97,22509,NA,853,23,22509,NA,407,NA,3.79,1.81,13.8,26.76,33.79,1.58667369901547
51,165,"Rockingham","Virginia",76314,38.454851,-78.837195,47,1.41483705440553e-07,167,4.83567528872777e-07,51165,"06",77499,261,7401,899,54319,166,15758,691,3143,328,3300,315,5457,381,3641,343,8348,497,4082,379,641,172,989,184,79444,NA,2784,412,79444,NA,5383,NA,3.5,6.78,9.55,29.01,32.59,0.697897690906405
51,167,"Russell","Virginia",28897,36.935284,-82.090612,3,2.15593035333289e-08,41,2.31816620160813e-07,51167,"06",27078,127,5276,732,20190,42,5884,490,1399,272,1655,288,2349,335,1997,290,1946,317,690,207,47,43,49,39,27408,NA,501,178,27408,NA,190,101,1.83,0.69,19.48,29.14,23.42,0.650515926424406
51,169,"Scott","Virginia",23177,36.684532,-82.594258,5,1.92623756839842e-08,26,9.0867765542464e-08,51169,"06",21138,212,3923,565,16441,73,5202,326,913,171,1358,208,2202,336,1305,197,1574,269,588,133,174,104,27,25,22009,NA,242,82,22009,NA,293,NA,1.1,1.33,18.56,31.64,22.31,1.97362310764373
51,171,"Shenandoah","Virginia",41993,38.86825,-78.529664,5,2.58435583180458e-08,50,4.08670990855783e-07,51171,"06",42606,111,4620,661,30765,135,9926,641,1768,262,2631,422,3882,426,2340,312,4154,419,1620,254,261,77,142,52,43045,NA,1381,68,43045,NA,3019,NA,3.21,7.01,10.84,32.26,27.68,1.20468078258271
51,173,"Smyth","Virginia",32208,36.829257,-81.574231,7,3.42500407228827e-08,60,2.64362087569219e-07,51173,"06",30324,189,5818,658,22669,106,6814,424,1769,218,1658,263,3217,334,2132,268,1987,305,994,159,86,46,181,71,31059,NA,924,147,31059,NA,628,NA,2.97,2.02,19.19,30.06,23.73,1.77868206878446
51,175,"Southampton","Virginia",18570,36.71473,-77.070645,3,9.73494117875025e-09,46,2.03754993178789e-07,51175,"06",16326,304,1665,309,13183,106,3246,343,759,146,1259,246,2277,279,1180,172,1581,270,610,128,76,48,83,52,17939,NA,6220,264,17939,NA,277,NA,34.67,1.54,10.2,24.62,26.78,0.33549414306835
51,177,"Spotsylvania","Virginia",122397,38.238928,-77.571234,31,3.00226635009435e-08,302,2.83141564250553e-07,51177,"06",130463,209,10447,1251,87020,106,21733,876,4017,390,6413,455,12494,664,6397,541,16629,730,8815,555,1141,160,826,177,131412,NA,23652,341,131412,NA,12308,NA,18,9.37,8.01,24.97,38.85,0.594466544495597
51,179,"Stafford","Virginia",128961,38.416536,-77.447823,41,2.17506993188452e-08,390,2.74433064218362e-07,51179,"06",139983,573,6306,954,91806,98,17680,982,2968,349,5957,558,15010,771,7819,648,21350,1070,12921,716,1175,292,1111,207,144012,NA,29548,423,144012,NA,17782,NA,20.52,12.35,4.5,19.26,48.34,0.737530008002134
51,181,"Surry","Virginia",7058,37.118648,-76.867196,30,2.054558941197e-07,118,1.08430149933618e-06,51181,"06",6600,17,839,235,4849,77,1415,226,279,73,465,97,782,151,393,116,546,101,210,60,80,47,18,24,6600,NA,3033,62,6600,NA,50,38,45.95,0.76,12.71,29.18,25.72,0.401606425702811
51,183,"Sussex","Virginia",12087,36.972121,-77.210307,1,4.79562917070653e-09,8,5.15566559639255e-08,51183,"06",7890,905,1382,294,8612,73,2124,464,1452,346,478,106,934,146,466,120,682,182,332,95,39,46,29,24,11486,NA,6711,107,11486,NA,333,NA,58.43,2.9,17.52,24.66,17.97,0.231378481801192
51,185,"Tazewell","Virginia",45078,37.147549,-81.566563,6,1.19599397344034e-08,45,7.18874988450558e-08,51185,"06",40559,200,6550,760,30719,171,9024,598,2127,310,2216,307,3715,351,3157,331,3057,422,1173,216,314,111,153,115,42080,NA,1527,103,42080,NA,409,NA,3.63,0.97,16.15,29.38,25.57,1.50042834414392
51,187,"Warren","Virginia",37575,38.925068,-78.179261,18,2.17914213887331e-07,72,9.04847003892375e-07,51187,"06",38516,190,4004,705,27171,170,7940,549,1829,267,2430,397,3477,464,2029,254,3963,409,1370,283,252,116,160,81,39449,NA,2476,77,39449,NA,1716,NA,6.28,4.35,10.4,29.22,28.61,1.07491938104642
51,191,"Washington","Virginia",54876,36.703579,-81.972246,14,5.43148228829835e-08,127,9.49744287771382e-07,51191,"06",52505,342,7862,855,39944,107,10198,598,3038,393,2751,330,5061,474,3921,425,5459,405,2552,330,555,153,415,141,54406,NA,1057,58,54406,NA,817,NA,1.94,1.5,14.97,25.53,32.3,1.13414947979854
51,193,"Westmoreland","Virginia",17454,38.155269,-76.844011,6,3.88819593990647e-08,12,3.74633779978359e-08,51193,"06",17570,91,2117,504,13156,191,3523,363,772,213,1149,231,2086,307,1116,231,1720,272,722,212,136,83,98,70,17638,NA,4873,24,17638,NA,1110,NA,27.63,6.29,12.05,26.78,28.82,0.622546270330903
51,195,"Wise","Virginia",41452,36.952922,-82.609349,8,2.63307961565212e-08,93,6.56725129742546e-07,51195,"06",35898,314,7890,833,27593,162,6471,423,1988,255,1967,303,3895,416,2319,333,2451,348,1087,226,294,107,175,71,39025,NA,2501,57,39025,NA,481,NA,6.41,1.23,21.98,23.45,22.93,0.989161317478691
51,197,"Wythe","Virginia",29235,36.919123,-81.066298,7,5.7336753865656e-08,60,3.88729636489342e-07,51197,"06",28600,138,4468,666,21141,81,6590,445,1523,350,1891,353,2141,321,2124,292,2382,362,1060,220,222,125,254,127,28940,NA,1191,160,28940,NA,347,NA,4.12,1.2,15.62,31.17,28.58,1.09549975655561
51,199,"York","Virginia",65464,37.172279,-76.49193,96,1.28881037289589e-07,572,9.0515243739269e-07,51199,"06",66052,514,3101,571,45347,165,6789,473,1428,262,2745,291,6421,519,4803,377,10923,682,7579,544,960,202,1144,250,67587,NA,10216,240,67587,NA,4173,NA,15.12,6.17,4.69,14.97,56.03,0.697167113757628
51,510,"Alexandria","Virginia",139966,38.820052,-77.09256,365,4.01900666217732e-07,2057,2.1226874767355e-06,51510,"25",155124,308,16432,1408,118554,125,12497,811,1719,393,4290,625,11795,787,5755,550,34226,858,26498,873,8675,626,4227,374,156505,NA,37674,420,156505,NA,26247,NA,24.07,16.77,10.59,10.54,66.96,0.297763657883262
51,520,"Bristol","Virginia",17835,36.610479,-82.169512,8,7.40286649853053e-08,77,6.11351632388479e-07,51520,"25",16498,69,3740,656,12093,107,2779,343,897,228,886,218,1768,261,881,200,1802,294,862,214,208,93,43,44,16843,NA,1665,119,16843,NA,102,100,9.89,0.61,22.67,22.98,31.39,1.37119281640578
51,530,"Buena Vista","Virginia",6650,37.734133,-79.352493,10,8.43726378720211e-07,44,1.1174237121123e-06,51530,"25",5890,169,1182,388,4090,117,1350,247,244,103,312,124,584,195,235,106,332,125,258,106,13,22,48,43,6399,NA,393,190,6399,NA,62,42,6.14,0.97,20.07,33.01,21.66,1.98813532146865
51,540,"Charlottesville","Virginia",43475,38.033545,-78.490591,133,1.8214715061275e-06,697,1.24295042482587e-05,51540,"25",44319,287,10915,765,30125,163,4562,449,1060,199,1398,324,3220,399,1310,236,7638,555,4585,466,1773,261,1851,294,47042,NA,9468,121,47042,NA,2531,NA,20.13,5.38,24.63,15.14,56.95,0.187044080054866
51,550,"Chesapeake","Virginia",222209,36.757515,-76.282263,214,9.2233893676177e-08,1604,6.57475079541027e-07,51550,"25",231227,811,20768,1999,159085,113,32778,1394,7063,567,11687,818,28542,1311,14939,945,32013,1216,15068,837,2925,444,1618,286,237820,NA,75294,630,237820,NA,14120,NA,31.66,5.94,8.98,20.6,41.84,0.631403677967639
51,570,"Colonial Heights","Virginia",17411,37.264094,-77.401027,33,4.52140453046629e-07,289,4.1980246004778e-06,51570,"25",17373,124,2341,531,12209,130,3209,299,725,187,1156,228,2003,337,1164,174,1996,242,639,143,111,65,89,55,17593,NA,2883,144,17593,NA,1011,NA,16.39,5.75,13.47,26.28,32.75,2.25424774294847
51,580,"Covington","Virginia",5961,37.781277,-79.98934,6,8.65174164726571e-08,41,1.98689254203405e-06,51580,"25",5468,64,831,226,4036,116,1427,191,319,92,204,80,601,155,317,134,414,125,158,65,44,38,0,17,5582,NA,814,89,5582,NA,144,61,14.58,2.58,15.2,35.36,23.12,0.952380952380952
51,590,"Danville","Virginia",43055,36.591119,-79.409867,16,2.18415274811354e-07,108,1.47755505293798e-06,51590,"25",39729,279,8717,867,28766,61,6963,479,1598,258,2302,289,4873,508,2587,269,3303,364,1315,184,487,133,174,68,41512,NA,21421,178,41512,NA,1711,NA,51.6,4.12,21.94,24.21,27.34,1.64401739856978
51,595,"Emporia","Virginia",5927,36.691841,-77.541306,4,2.93417897938916e-07,28,6.96555264897095e-06,51595,"25",5164,96,1499,380,3631,146,1066,177,237,99,327,132,403,104,297,104,373,129,73,46,21,20,20,21,5381,NA,3910,173,5381,NA,296,205,72.66,5.5,29.03,29.36,21.59,1.81605155243117
51,600,"Fairfax","Virginia",22565,38.852046,-77.302597,513,2.76433795719119e-06,2924,1.60335721355137e-05,51600,"25",23118,180,2018,337,16325,131,2031,311,127,82,647,148,1720,254,1076,218,4979,370,3305,325,767,153,527,156,23865,NA,1544,88,23865,NA,4039,NA,6.47,16.92,8.73,12.44,65.26,0.435419549116953
51,610,"Falls Church","Virginia",12332,38.883689,-77.173924,441,5.01382250953849e-06,2475,3.95689927553612e-05,51610,"25",14033,27,377,163,9451,137,463,133,54,40,243,91,792,173,361,136,3335,325,2667,265,892,163,528,139,14067,NA,733,38,14067,NA,1501,NA,5.21,10.67,2.69,4.9,82.35,0.00634344083872453
51,620,"Franklin","Virginia",8582,36.678687,-76.936518,2,1.96988942366303e-07,48,3.62135075462953e-06,51620,"25",8095,85,1315,359,5653,207,1462,252,266,110,392,150,799,195,567,160,751,173,339,237,54,56,51,54,8211,NA,5022,87,8211,NA,90,87,61.16,1.1,16.24,25.86,31.17,0.474229377261949
51,630,"Fredericksburg","Virginia",24286,38.298644,-77.4809,30,4.52369249793583e-07,374,6.17916375866617e-06,51630,"25",25975,382,3672,714,17068,155,3473,393,491,184,949,214,2321,329,902,194,4064,479,2196,342,536,158,385,135,28469,NA,7605,321,28469,NA,3062,NA,26.71,10.76,14.14,20.35,47.36,1.38278891023881
51,640,"Galax","Virginia",7042,36.665998,-80.918362,6,3.52412606080398e-07,56,6.43790235125807e-06,51640,"25",6379,106,1625,379,4930,179,1414,211,226,92,375,110,581,184,315,114,365,116,124,57,70,48,50,37,6638,NA,620,248,6638,NA,1099,251,9.34,16.56,25.47,28.68,18.74,2.17966682235715
51,650,"Hampton","Virginia",137436,37.042681,-76.366965,162,1.24332988128547e-07,1394,9.61224073142e-07,51650,"25",130712,528,20609,2044,90405,108,21486,1105,3999,509,6331,508,17390,909,9018,554,14641,825,7533,608,1075,236,960,229,135583,NA,71242,486,135583,NA,7599,NA,52.54,5.6,15.77,23.77,36.75,0.925450254256848
51,660,"Harrisonburg","Virginia",48914,38.440627,-78.868871,47,8.58977918569108e-07,167,2.16525247873691e-06,51660,"25",46011,508,12953,899,26831,74,6092,531,991,239,1193,241,2908,379,1734,333,5489,467,2789,347,437,139,932,194,53391,NA,6164,628,53391,NA,10324,NA,11.55,19.34,28.15,22.71,42.42,1.12523828031018
51,670,"Hopewell","Virginia",22591,37.289087,-77.304582,33,1.57001756407639e-07,285,1.78419027485547e-06,51670,"25",22107,125,4639,705,14820,101,4331,455,1065,232,1348,278,2208,406,1138,220,1377,283,391,157,95,75,131,79,22408,NA,9789,168,22408,NA,1705,NA,43.69,7.61,20.98,29.22,21.13,0.615153124446805
51,678,"Lexington","Virginia",7042,37.784093,-79.442982,10,3.17593570043471e-06,42,1.15221822265559e-05,51678,"25",3820,376,826,247,2761,291,612,167,109,73,314,140,230,104,128,95,657,210,187,84,114,73,133,77,7110,NA,477,198,7110,NA,362,221,6.71,5.09,21.62,22.17,44.15,0.616591928251121
51,680,"Lynchburg","Virginia",75568,37.394382,-79.188942,32,1.10509429318963e-07,252,9.02146584496659e-07,51680,"25",69582,762,15182,1196,44472,127,9240,807,2050,261,2922,424,6101,543,3771,545,8963,523,4416,443,1126,225,959,206,80131,NA,24013,168,80131,NA,3194,NA,29.97,3.99,21.82,20.78,43.25,0.904707400823126
51,683,"Manassas","Virginia",37821,38.753009,-77.474795,208,7.71517076143122e-07,1125,4.30712167447914e-06,51683,"25",41296,112,3551,968,26498,68,5967,605,1059,245,1549,261,3360,424,2144,304,4928,380,2353,307,424,150,171,89,41457,NA,6838,301,41457,NA,14863,NA,16.49,35.85,8.6,22.52,37.81,1.31601066256814
51,685,"Manassas Park","Virginia",14273,38.772139,-77.448892,273,1.60272006470876e-06,1737,9.87142446476383e-06,51685,"25",16321,91,1583,584,10816,141,2259,412,305,142,411,150,1517,351,1017,280,2044,398,809,247,173,96,136,100,16423,NA,2765,331,16423,NA,6359,NA,16.84,38.72,9.7,20.89,38.64,1.20760385970994
51,690,"Martinsville","Virginia",13821,36.683587,-79.86482,16,9.54617248646621e-07,84,3.64502002763657e-06,51690,"25",12576,182,3201,492,8987,127,2124,291,682,177,714,142,1147,233,857,177,1266,190,429,114,147,65,71,46,13101,NA,6447,173,13101,NA,703,NA,49.21,5.37,25.45,23.63,30.82,2.10820027902651
51,700,"Newport News","Virginia",180719,37.089637,-76.495942,78,8.85330287971928e-08,564,7.38363072440108e-07,51700,"25",170842,758,26457,1971,116258,122,27833,1154,5423,556,8874,661,21416,1099,11579,756,18774,872,8325,619,1450,308,1091,199,180145,NA,79664,672,180145,NA,15798,NA,44.22,8.77,15.49,23.94,35.45,1.11573903015239
51,710,"Norfolk","Virginia",242803,36.891356,-76.262277,253,1.29252900165907e-07,1908,9.86384232586109e-07,51710,"25",220136,1395,43383,2131,152497,120,31675,1035,7329,619,10253,676,29045,1023,12668,700,25898,850,11644,681,3008,297,2159,248,245592,NA,108549,555,245592,NA,19359,NA,44.2,7.88,19.71,20.77,36.31,0.525246234779331
51,720,"Norton","Virginia",3958,36.938169,-82.624348,8,5.74199400918265e-07,93,1.27240470382438e-05,51720,"25",3935,52,1155,272,2826,215,535,133,155,97,242,92,606,186,266,124,320,121,130,66,18,17,10,15,3990,NA,256,182,3990,NA,43,65,6.42,1.08,29.35,18.93,26.33,1.58770161290323
51,730,"Petersburg","Virginia",32420,37.210514,-77.396848,30,1.70546547077039e-07,273,1.80263144489453e-06,51730,"25",31197,167,8037,878,22025,108,6341,575,1221,205,1434,275,3690,388,1179,187,2363,292,1194,230,202,82,209,94,31827,NA,24962,147,31827,NA,1522,NA,78.43,4.78,25.76,28.79,23.37,2.03376944277252
51,735,"Poquoson","Virginia",12150,37.131625,-76.381322,75,6.9087654157662e-07,523,4.51343743426461e-06,51735,"25",11983,78,536,235,8421,85,1985,250,202,71,502,124,1017,196,771,174,1836,234,1471,217,187,86,114,70,12039,NA,199,19,12039,NA,311,NA,1.65,2.58,4.47,23.57,52,0.311730926989336
51,740,"Portsmouth","Virginia",95535,36.833227,-76.35389,229,2.30424435240793e-07,1715,2.47808294669273e-06,51740,"25",91565,611,15707,1172,63522,141,15114,861,3809,428,4603,406,13170,722,5385,485,8784,529,3568,399,652,160,514,137,95311,NA,52843,302,95311,NA,4106,NA,55.44,4.31,17.15,23.79,29.76,0.473412799053174
51,750,"Radford","Virginia",16408,37.128676,-80.558831,84,6.64836296043013e-07,223,1.76730786167873e-06,51750,"25",14558,522,5230,601,7903,212,1514,381,345,148,408,132,1048,267,708,195,1647,338,957,246,105,60,383,138,17630,NA,1983,39,17630,NA,512,NA,11.25,2.9,35.93,19.16,48.08,1.20508206554338
51,760,"Richmond","Virginia",204214,37.53579,-77.466976,237,2.77961012994307e-07,1758,1.3957510521221e-06,51760,"25",213147,688,52298,2264,154419,154,27139,1210,7371,721,6696,520,21830,981,8799,548,35183,1328,16618,847,4699,417,2942,380,223787,NA,111883,372,223787,NA,14950,NA,50,6.68,24.54,17.57,44.19,0.813871660044671
51,770,"Roanoke","Virginia",97032,37.278728,-79.960131,56,1.91590857697836e-07,442,1.1939942413153e-06,51770,"25",97694,314,20046,1608,70005,325,18717,893,4156,508,5487,635,8656,720,6151,626,10586,633,3759,398,1626,271,724,171,99621,NA,31183,366,99621,NA,6104,NA,31.3,6.13,20.52,26.74,32.63,1.20296236989592
51,775,"Salem","Virginia",24802,37.286115,-80.05573,56,4.68451536726594e-07,440,3.82247584822642e-06,51775,"25",23010,376,2095,415,17082,220,3979,440,922,213,1503,261,2008,307,1934,264,3046,341,1632,276,148,72,140,71,25519,NA,2344,177,25519,NA,827,NA,9.19,3.24,9.1,23.29,40.39,1.77046367429708
51,790,"Staunton","Virginia",23746,38.157796,-79.077956,24,2.88924140735678e-07,173,1.33121349908427e-06,51790,"25",23139,222,3165,585,17576,137,4272,487,937,200,1427,283,1872,278,1215,262,3338,315,1978,249,317,105,346,122,24452,NA,3360,59,24452,NA,729,NA,13.74,2.98,13.68,24.31,40.93,1.10745526041249
51,800,"Suffolk","Virginia",84585,36.776711,-76.556872,38,3.37761834341418e-08,468,6.21484548340217e-07,51800,"25",88293,324,9520,1112,60201,116,14154,686,2762,349,4330,311,10054,625,5239,406,9960,607,5428,465,1014,169,524,116,89160,NA,39236,222,89160,NA,3764,NA,44.01,4.22,10.78,23.51,36.82,0.504468936776882
51,810,"Virginia Beach","Virginia",437994,36.821554,-76.099445,218,6.68126351862989e-08,1606,4.02152947437232e-07,51810,"25",438973,1133,33485,2049,305356,118,54286,1425,11052,687,24233,1089,55486,1576,32005,1196,68906,1677,28960,1010,6307,500,3261,398,450135,NA,98081,585,450135,NA,36043,NA,21.79,8.01,7.63,17.78,45.66,0.520448078473708
51,820,"Waynesboro","Virginia",21006,38.072013,-78.896755,29,2.39902634578119e-07,194,2.07920333049677e-06,51820,"25",21633,186,3766,778,15167,188,4024,519,949,201,1212,254,2160,356,1005,233,2145,352,1166,269,226,142,249,121,21926,NA,3500,243,21926,NA,1674,NA,15.96,7.63,17.41,26.53,31.59,0.901537917624182
51,830,"Williamsburg","Virginia",14068,37.275866,-76.713075,45,1.3668864140608e-06,279,4.07974800706412e-06,51830,"25",10537,334,2356,381,7283,129,1014,204,390,177,398,129,672,147,365,94,1953,225,1359,171,407,88,408,111,14788,NA,2227,173,14788,NA,1044,NA,15.06,7.06,22.36,13.92,61.68,1.02040816326531
51,840,"Winchester","Virginia",26203,39.175174,-78.170343,20,3.09748088559833e-07,189,4.32397997012786e-06,51840,"25",26745,219,4004,907,18402,191,3613,415,994,233,916,242,2234,342,1298,262,3492,407,1832,279,615,183,302,131,27789,NA,3647,126,27789,NA,4842,NA,13.12,17.42,14.97,19.63,40.97,1.25231250889427
